game_id,season,week,home_team,away_team,neutral_site,start_date
401906193,2026,1,,,0,
401867894,2026,1,,,0,
401866532,2026,1,,,0,
401906139,2026,1,,,0,
401906839,2026,1,,,0,
401907002,2026,1,,,0,
401907195,2026,1,,,0,
401866615,2026,1,,,0,
401896383,2026,1,,,0,
401906048,2026,1,,,0,
401907643,2026,1,,,0,
401868315,2026,1,,,0,
401896384,2026,1,,,0,
401906620,2026,1,,,0,
401868279,2026,1,,,0,
401868240,2026,1,,,0,
401868169,2026,1,,,0,
401868373,2026,1,,,0,
401906631,2026,1,,,0,
401907110,2026,1,,,0,
401867865,2026,1,,,0,
401907120,2026,1,,,0,
401866614,2026,1,,,0,
401906943,2026,1,,,0,
401906993,2026,1,,,0,
401907381,2026,1,,,0,
401868060,2026,1,,,0,
401906602,2026,1,,,0,
401874035,2026,1,,,0,
401868273,2026,1,,,0,
401868962,2026,1,,,0,
401907536,2026,1,,,0,
401868204,2026,1,,,0,
401907356,2026,1,,,0,
401906902,2026,1,,,0,
401907346,2026,1,,,0,
401907239,2026,1,,,0,
401907234,2026,1,,,0,
401868070,2026,1,,,0,
401868254,2026,1,,,0,
401869128,2026,1,,,0,
401907144,2026,1,,,0,
401907155,2026,1,,,0,
401867874,2026,1,,,0,
401907724,2026,1,,,0,
401907275,2026,1,,,0,
401907376,2026,1,,,0,
401907161,2026,1,,,0,
401907129,2026,1,,,0,
401907007,2026,1,,,0,
401907099,2026,1,,,0,
401907702,2026,1,,,0,
401868040,2026,1,,,0,
401866617,2026,1,,,0,
401868007,2026,1,,,0,
401868261,2026,1,,,0,
401906145,2026,1,,,0,
401866616,2026,1,,,0,
401868129,2026,1,,,0,
401868073,2026,1,,,0,
401856766,2026,1,,,0,
401907012,2026,1,,,0,
401906641,2026,1,,,0,
401906177,2026,1,,,0,
401868792,2026,1,,,0,
401867916,2026,1,,,0,
401907454,2026,1,,,0,
401906205,2026,1,,,0,
401906588,2026,1,,,0,
401907631,2026,1,,,0,
401907150,2026,1,,,0,
401869156,2026,1,,,0,
401906126,2026,1,,,0,
401868209,2026,1,,,0,
401907576,2026,1,,,0,
401906185,2026,1,,,0,
401907137,2026,1,,,0,
401867882,2026,1,,,0,
401868288,2026,1,,,0,
401868324,2026,1,,,0,
401868154,2026,1,,,0,
401864494,2026,1,,,0,
401907246,2026,1,,,0,
401906949,2026,1,,,0,
401868022,2026,1,,,0,
401858202,2026,1,,,0,
401906157,2026,1,,,0,
401868084,2026,1,,,0,
401866620,2026,1,,,0,
401864577,2026,1,,,0,
401867982,2026,1,,,0,
401867988,2026,1,,,0,
401868394,2026,1,,,0,
401866613,2026,1,,,0,
401866618,2026,1,,,0,
401906162,2026,1,,,0,
401866619,2026,1,,,0,
401867855,2026,1,,,0,
401907403,2026,1,,,0,
401867972,2026,1,,,0,
401868101,2026,1,,,0,
401906151,2026,1,,,0,
401906956,2026,1,,,0,
401866408,2026,1,,,0,
401866621,2026,1,,,0,
401858201,2026,1,,,0,
401896385,2026,1,,,0,
401874042,2026,1,,,0,
401864570,2026,1,,,0,
401868952,2026,1,,,0,
401868139,2026,1,,,0,
401868934,2026,1,,,0,
401868305,2026,1,,,0,
401891332,2026,1,,,0,
401868948,2026,1,,,0,
401868149,2026,1,,,0,
401913104,2026,1,,,0,
401907204,2026,1,,,0,
401872615,2026,1,,,0,
401868049,2026,1,,,0,
401867977,2026,1,,,0,
401907243,2026,1,,,0,
401907297,2026,1,,,0,
401907219,2026,1,,,0,
401867935,2026,1,,,0,
401907334,2026,1,,,0,
401907324,2026,1,,,0,
401907308,2026,1,,,0,
401868245,2026,1,,,0,
401868194,2026,1,,,0,
401868235,2026,1,,,0,
401868110,2026,1,,,0,
401862693,2026,1,,,0,
401868118,2026,1,,,0,
401906596,2026,1,,,0,
401908891,2026,1,,,0,
401907610,2026,1,,,0,
401858423,2026,1,,,0,
401906880,2026,1,,,0,
401907412,2026,1,,,0,
401907484,2026,1,,,0,
401907493,2026,1,,,0,
401907516,2026,1,,,0,
401907838,2026,1,,,0,
401907526,2026,1,,,0,
401868269,2026,1,,,0,
401907727,2026,1,,,0,
401908201,2026,1,,,0,
401867889,2026,1,,,0,
401906649,2026,1,,,0,
401908789,2026,1,,,0,
401906877,2026,1,,,0,
401908216,2026,1,,,0,
401906526,2026,1,,,0,
401864424,2026,1,,,0,
401866622,2026,1,,,0,
401866409,2026,1,,,0,
401907003,2026,1,,,0,
401906603,2026,1,,,0,
401906553,2026,1,,,0,
401906545,2026,1,,,0,
401908346,2026,1,,,0,
401907995,2026,1,,,0,
401907871,2026,1,,,0,
401907697,2026,1,,,0,
401907677,2026,1,,,0,
401907666,2026,1,,,0,
401864425,2026,1,,,0,
401908854,2026,1,,,0,
401907644,2026,1,,,0,
401858204,2026,1,,,0,
401856767,2026,1,,,0,
401873393,2026,1,,,0,
401906566,2026,1,,,0,
401856663,2026,1,,,0,
401908386,2026,1,,,0,
401907121,2026,1,,,0,
401907145,2026,1,,,0,
401856776,2026,1,,,0,
401906536,2026,1,,,0,
401907337,2026,1,,,0,
401906515,2026,1,,,0,
401907156,2026,1,,,0,
401907162,2026,1,,,0,
401858422,2026,1,,,0,
401856768,2026,1,,,0,
401858424,2026,1,,,0,
401908537,2026,1,,,0,
401908162,2026,1,,,0,
401908094,2026,1,,,0,
401907008,2026,1,,,0,
401908318,2026,1,,,0,
401908331,2026,1,,,0,
401906610,2026,1,,,0,
401864495,2026,1,,,0,
401908517,2026,1,,,0,
401868262,2026,1,,,0,
401858435,2026,1,,,0,
401908309,2026,1,,,0,
401908606,2026,1,,,0,
401866623,2026,1,,,0,
401908690,2026,1,,,0,
401907862,2026,1,,,0,
401907537,2026,1,,,0,
401907736,2026,1,,,0,
401907966,2026,1,,,0,
401908181,2026,1,,,0,
401908263,2026,1,,,0,
401908359,2026,1,,,0,
401858429,2026,1,,,0,
401907818,2026,1,,,0,
401856769,2026,1,,,0,
401856664,2026,1,,,0,
401858206,2026,1,,,0,
401858436,2026,1,,,0,
401908292,2026,1,,,0,
401907138,2026,1,,,0,
401868284,2026,1,,,0,
401908514,2026,1,,,0,
401908470,2026,1,,,0,
401908141,2026,1,,,0,
401908508,2026,1,,,0,
401908353,2026,1,,,0,
401907832,2026,1,,,0,
401866410,2026,1,,,0,
401906844,2026,1,,,0,
401861962,2026,1,,,0,
401907013,2026,1,,,0,
401856634,2026,1,,,0,
401908101,2026,1,,,0,
401909005,2026,1,,,0,
401907879,2026,1,,,0,
401908738,2026,1,,,0,
401867928,2026,1,,,0,
401867924,2026,1,,,0,
401862701,2026,1,,,0,
401908557,2026,1,,,0,
401907826,2026,1,,,0,
401907843,2026,1,,,0,
401908091,2026,1,,,0,
401858208,2026,1,,,0,
401856778,2026,1,,,0,
401906994,2026,1,,,0,
401856780,2026,1,,,0,
401908563,2026,1,,,0,
401908568,2026,1,,,0,
401908624,2026,1,,,0,
401869960,2026,1,,,0,
401858430,2026,1,,,0,
401908189,2026,1,,,0,
401858425,2026,1,,,0,
401908364,2026,1,,,0,
401908530,2026,1,,,0,
401908759,2026,1,,,0,
401868017,2026,1,,,0,
401858432,2026,1,,,0,
401858207,2026,1,,,0,
401908150,2026,1,,,0,
401908771,2026,1,,,0,
401856665,2026,1,,,0,
401908623,2026,1,,,0,
401908684,2026,1,,,0,
401908965,2026,1,,,0,
401908617,2026,1,,,0,
401908247,2026,1,,,0,
401908650,2026,1,,,0,
401907850,2026,1,,,0,
401907250,2026,1,,,0,
401908285,2026,1,,,0,
401908069,2026,1,,,0,
401908049,2026,1,,,0,
401908662,2026,1,,,0,
401908609,2026,1,,,0,
401864496,2026,1,,,0,
401856779,2026,1,,,0,
401856659,2026,1,,,0,
401868000,2026,1,,,0,
401908805,2026,1,,,0,
401873403,2026,1,,,0,
401908257,2026,1,,,0,
401908644,2026,1,,,0,
401908576,2026,1,,,0,
401906118,2026,1,,,0,
401908744,2026,1,,,0,
401907604,2026,1,,,0,
401908206,2026,1,,,0,
401868186,2026,1,,,0,
401908018,2026,1,,,0,
401907420,2026,1,,,0,
401907655,2026,1,,,0,
401907691,2026,1,,,0,
401907758,2026,1,,,0,
401908499,2026,1,,,0,
401908921,2026,1,,,0,
401907789,2026,1,,,0,
401907886,2026,1,,,0,
401908765,2026,1,,,0,
401908039,2026,1,,,0,
401866624,2026,1,,,0,
401908460,2026,1,,,0,
401909047,2026,1,,,0,
401908412,2026,1,,,0,
401906049,2026,1,,,0,
401862698,2026,1,,,0,
401908448,2026,1,,,0,
401908088,2026,1,,,0,
401906860,2026,1,,,0,
401906682,2026,1,,,0,
401868111,2026,1,,,0,
401856658,2026,1,,,0,
401907111,2026,1,,,0,
401908722,2026,1,,,0,
401907159,2026,1,,,0,
401906597,2026,1,,,0,
401907475,2026,1,,,0,
401856777,2026,1,,,0,
401862694,2026,1,,,0,
401856667,2026,1,,,0,
401858433,2026,1,,,0,
401858209,2026,1,,,0,
401862696,2026,1,,,0,
401856636,2026,1,,,0,
401862700,2026,1,,,0,
401858434,2026,1,,,0,
401856666,2026,1,,,0,
401864499,2026,1,,,0,
401866627,2026,1,,,0,
401856772,2026,1,,,0,
401907634,2026,1,,,0,
401908429,2026,1,,,0,
401907130,2026,1,,,0,
401906921,2026,1,,,0,
401907332,2026,1,,,0,
401867875,2026,1,,,0,
401907852,2026,1,,,0,
401873228,2026,1,,,0,
401907615,2026,1,,,0,
401856635,2026,1,,,0,
401858426,2026,1,,,0,
401906973,2026,1,,,0,
401868356,2026,1,,,0,
401908275,2026,1,,,0,
401906206,2026,1,,,0,
401868345,2026,1,,,0,
401867973,2026,1,,,0,
401906903,2026,1,,,0,
401907273,2026,1,,,0,
401867917,2026,1,,,0,
401866626,2026,1,,,0,
401868274,2026,1,,,0,
401906133,2026,1,,,0,
401907847,2026,1,,,0,
401868325,2026,1,,,0,
401908304,2026,1,,,0,
401908076,2026,1,,,0,
401860878,2026,1,,,0,
401867692,2026,1,,,0,
401906178,2026,1,,,0,
401906199,2026,1,,,0,
401906632,2026,1,,,0,
401867989,2026,1,,,0,
401869127,2026,1,,,0,
401867978,2026,1,,,0,
401906621,2026,1,,,0,
401906146,2026,1,,,0,
401906152,2026,1,,,0,
401868336,2026,1,,,0,
401907703,2026,1,,,0,
401856668,2026,1,,,0,
401862695,2026,1,,,0,
401862699,2026,1,,,0,
401867866,2026,1,,,0,
401870763,2026,1,,,0,
401908298,2026,1,,,0,
401908933,2026,1,,,0,
401868297,2026,1,,,0,
401908553,2026,1,,,0,
401907456,2026,1,,,0,
401907977,2026,1,,,0,
401908426,2026,1,,,0,
401906605,2026,1,,,0,
401868170,2026,1,,,0,
401868958,2026,1,,,0,
401868970,2026,1,,,0,
401868316,2026,1,,,0,
401868953,2026,1,,,0,
401868085,2026,1,,,0,
401906166,2026,1,,,0,
401907956,2026,1,,,0,
401908781,2026,1,,,0,
401908325,2026,1,,,0,
401907779,2026,1,,,0,
401908267,2026,1,,,0,
401856770,2026,1,,,0,
401908272,2026,1,,,0,
401856669,2026,1,,,0,
401868071,2026,1,,,0,
401868140,2026,1,,,0,
401856771,2026,1,,,0,
401906589,2026,1,,,0,
401860880,2026,1,,,0,
401862697,2026,1,,,0,
401867684,2026,1,,,0,
401869136,2026,1,,,0,
401906929,2026,1,,,0,
401908231,2026,1,,,0,
401908111,2026,1,,,0,
401908008,2026,1,,,0,
401858211,2026,1,,,0,
401856660,2026,1,,,0,
401856662,2026,1,,,0,
401858428,2026,1,,,0,
401869129,2026,1,,,0,
401856637,2026,1,,,0,
401908467,2026,1,,,0,
401908241,2026,1,,,0,
401908475,2026,1,,,0,
401907247,2026,1,,,0,
401907357,2026,1,,,0,
401907465,2026,1,,,0,
401907151,2026,1,,,0,
401907100,2026,1,,,0,
401856775,2026,1,,,0,
401858431,2026,1,,,0,
401908454,2026,1,,,0,
401867883,2026,1,,,0,
401868306,2026,1,,,0,
401906168,2026,1,,,0,
401908254,2026,1,,,0,
401908433,2026,1,,,0,
401868074,2026,1,,,0,
401867845,2026,1,,,0,
401858427,2026,1,,,0,
401868158,2026,1,,,0,
401869142,2026,1,,,0,
401868119,2026,1,,,0,
401870790,2026,1,,,0,
401856773,2026,1,,,0,
401860879,2026,1,,,0,
401864498,2026,1,,,0,
401856774,2026,1,,,0,
401866411,2026,1,,,0,
401868163,2026,1,,,0,
401864497,2026,1,,,0,
401908393,2026,1,,,0,
401858210,2026,1,,,0,
401864432,2026,1,,,0,
401917058,2026,1,,,0,
401868967,2026,1,,,0,
401867939,2026,1,,,0,
401906158,2026,1,,,0,
401858437,2026,1,,,0,
401858438,2026,1,,,0,
401856661,2026,1,,,0,
401858212,2026,1,,,0,
401907622,2026,2,,,0,
401909126,2026,2,,,0,
401906516,2026,2,,,0,
401906546,2026,2,,,0,
401906527,2026,2,,,0,
401858213,2026,2,,,0,
401906200,2026,2,,,0,
401858222,2026,2,,,0,
401908691,2026,2,,,0,
401908202,2026,2,,,0,
401858215,2026,2,,,0,
401858220,2026,2,,,0,
401858214,2026,2,,,0,
401856678,2026,2,,,0,
401906167,2026,2,,,0,
401906153,2026,2,,,0,
401906159,2026,2,,,0,
401907967,2026,2,,,0,
401867929,2026,2,,,0,
401856683,2026,2,,,0,
401907851,2026,2,,,0,
401906845,2026,2,,,0,
401906676,2026,2,,,0,
401856679,2026,2,,,0,
401858442,2026,2,,,0,
401908354,2026,2,,,0,
401908368,2026,2,,,0,
401907527,2026,2,,,0,
401908092,2026,2,,,0,
401907746,2026,2,,,0,
401908787,2026,2,,,0,
401908019,2026,2,,,0,
401870822,2026,2,,,0,
401868227,2026,2,,,0,
401866628,2026,2,,,0,
401866632,2026,2,,,0,
401907517,2026,2,,,0,
401907014,2026,2,,,0,
401858224,2026,2,,,0,
401907559,2026,2,,,0,
401907656,2026,2,,,0,
401908579,2026,2,,,0,
401908586,2026,2,,,0,
401908699,2026,2,,,0,
401908163,2026,2,,,0,
401908207,2026,2,,,0,
401908925,2026,2,,,0,
401908538,2026,2,,,0,
401908569,2026,2,,,0,
401866633,2026,2,,,0,
401907553,2026,2,,,0,
401858218,2026,2,,,0,
401906861,2026,2,,,0,
401908558,2026,2,,,0,
401908476,2026,2,,,0,
401907880,2026,2,,,0,
401908365,2026,2,,,0,
401908531,2026,2,,,0,
401908703,2026,2,,,0,
401856781,2026,2,,,0,
401864571,2026,2,,,0,
401868187,2026,2,,,0,
401858221,2026,2,,,0,
401858439,2026,2,,,0,
401907485,2026,2,,,0,
401908577,2026,2,,,0,
401856782,2026,2,,,0,
401866416,2026,2,,,0,
401862702,2026,2,,,0,
401868028,2026,2,,,0,
401856673,2026,2,,,0,
401907413,2026,2,,,0,
401907759,2026,2,,,0,
401907978,2026,2,,,0,
401909137,2026,2,,,0,
401907404,2026,2,,,0,
401906590,2026,2,,,0,
401908172,2026,2,,,0,
401906598,2026,2,,,0,
401908676,2026,2,,,0,
401906611,2026,2,,,0,
401906147,2026,2,,,0,
401908712,2026,2,,,0,
401866415,2026,2,,,0,
401908651,2026,2,,,0,
401856791,2026,2,,,0,
401907578,2026,2,,,0,
401873404,2026,2,,,0,
401908190,2026,2,,,0,
401908258,2026,2,,,0,
401906194,2026,2,,,0,
401873229,2026,2,,,0,
401908077,2026,2,,,0,
401908645,2026,2,,,0,
401908966,2026,2,,,0,
401908638,2026,2,,,0,
401908739,2026,2,,,0,
401907872,2026,2,,,0,
401908360,2026,2,,,0,
401908339,2026,2,,,0,
401908273,2026,2,,,0,
401867685,2026,2,,,0,
401908182,2026,2,,,0,
401907848,2026,2,,,0,
401908377,2026,2,,,0,
401907704,2026,2,,,0,
401908102,2026,2,,,0,
401907625,2026,2,,,0,
401906950,2026,2,,,0,
401866417,2026,2,,,0,
401908610,2026,2,,,0,
401908518,2026,2,,,0,
401907421,2026,2,,,0,
401867990,2026,2,,,0,
401908492,2026,2,,,0,
401908663,2026,2,,,0,
401908836,2026,2,,,0,
401906169,2026,2,,,0,
401873394,2026,2,,,0,
401868033,2026,2,,,0,
401906930,2026,2,,,0,
401907494,2026,2,,,0,
401907678,2026,2,,,0,
401907685,2026,2,,,0,
401907692,2026,2,,,0,
401907728,2026,2,,,0,
401908500,2026,2,,,0,
401907780,2026,2,,,0,
401907466,2026,2,,,0,
401908305,2026,2,,,0,
401867895,2026,2,,,0,
401868255,2026,2,,,0,
401908268,2026,2,,,0,
401908009,2026,2,,,0,
401908040,2026,2,,,0,
401908772,2026,2,,,0,
401907996,2026,2,,,0,
401907844,2026,2,,,0,
401906995,2026,2,,,0,
401907839,2026,2,,,0,
401907790,2026,2,,,0,
401907274,2026,2,,,0,
401868280,2026,2,,,0,
401908299,2026,2,,,0,
401867884,2026,2,,,0,
401908724,2026,2,,,0,
401908401,2026,2,,,0,
401907833,2026,2,,,0,
401907887,2026,2,,,0,
401908782,2026,2,,,0,
401908515,2026,2,,,0,
401908790,2026,2,,,0,
401866413,2026,2,,,0,
401907385,2026,2,,,0,
401908603,2026,2,,,0,
401906957,2026,2,,,0,
401867953,2026,2,,,0,
401907131,2026,2,,,0,
401908319,2026,2,,,0,
401868112,2026,2,,,0,
401907101,2026,2,,,0,
401908509,2026,2,,,0,
401856790,2026,2,,,0,
401856674,2026,2,,,0,
401856677,2026,2,,,0,
401858217,2026,2,,,0,
401859184,2026,2,,,0,
401858444,2026,2,,,0,
401856785,2026,2,,,0,
401858216,2026,2,,,0,
401866420,2026,2,,,0,
401860884,2026,2,,,0,
401866419,2026,2,,,0,
401866412,2026,2,,,0,
401856810,2026,2,,,0,
401858446,2026,2,,,0,
401862708,2026,2,,,0,
401858440,2026,2,,,0,
401862705,2026,2,,,0,
401907504,2026,2,,,0,
401907139,2026,2,,,0,
401906683,2026,2,,,0,
401906186,2026,2,,,0,
401858223,2026,2,,,0,
401868285,2026,2,,,0,
401865252,2026,2,,,0,
401864506,2026,2,,,0,
401868326,2026,2,,,0,
401868963,2026,2,,,0,
401868093,2026,2,,,0,
401909074,2026,2,,,0,
401856684,2026,2,,,0,
401908347,2026,2,,,0,
401868061,2026,2,,,0,
401866630,2026,2,,,0,
401868123,2026,2,,,0,
401906922,2026,2,,,0,
401856672,2026,2,,,0,
401867983,2026,2,,,0,
401906911,2026,2,,,0,
401908112,2026,2,,,0,
401907863,2026,2,,,0,
401866629,2026,2,,,0,
401868141,2026,2,,,0,
401907853,2026,2,,,0,
401866418,2026,2,,,0,
401906050,2026,2,,,0,
401868171,2026,2,,,0,
401908217,2026,2,,,0,
401908050,2026,2,,,0,
401907698,2026,2,,,0,
401907251,2026,2,,,0,
401860881,2026,2,,,0,
401908528,2026,2,,,0,
401868102,2026,2,,,0,
401907563,2026,2,,,0,
401866414,2026,2,,,0,
401868374,2026,2,,,0,
401867966,2026,2,,,0,
401866631,2026,2,,,0,
401868210,2026,2,,,0,
401866421,2026,2,,,0,
401907538,2026,2,,,0,
401868195,2026,2,,,0,
401856787,2026,2,,,0,
401868246,2026,2,,,0,
401867890,2026,2,,,0,
401860882,2026,2,,,0,
401867867,2026,2,,,0,
401871045,2026,2,,,0,
401908095,2026,2,,,0,
401907315,2026,2,,,0,
401906554,2026,2,,,0,
401906840,2026,2,,,0,
401908326,2026,2,,,0,
401908242,2026,2,,,0,
401907220,2026,2,,,0,
401868241,2026,2,,,0,
401856786,2026,2,,,0,
401868386,2026,2,,,0,
401856681,2026,2,,,0,
401864575,2026,2,,,0,
401868236,2026,2,,,0,
401908276,2026,2,,,0,
401856680,2026,2,,,0,
401908766,2026,2,,,0,
401907635,2026,2,,,0,
401869150,2026,2,,,0,
401869130,2026,2,,,0,
401872616,2026,2,,,0,
401867856,2026,2,,,0,
401909018,2026,2,,,0,
401862707,2026,2,,,0,
401908248,2026,2,,,0,
401868150,2026,2,,,0,
401906878,2026,2,,,0,
401908670,2026,2,,,0,
401908251,2026,2,,,0,
401906571,2026,2,,,0,
401908434,2026,2,,,0,
401864503,2026,2,,,0,
401908142,2026,2,,,0,
401868355,2026,2,,,0,
401868072,2026,2,,,0,
401907205,2026,2,,,0,
401908387,2026,2,,,0,
401858441,2026,2,,,0,
401869955,2026,2,,,0,
401871046,2026,2,,,0,
401906579,2026,2,,,0,
401908427,2026,2,,,0,
401908567,2026,2,,,0,
401907427,2026,2,,,0,
401858443,2026,2,,,0,
401858447,2026,2,,,0,
401858219,2026,2,,,0,
401856682,2026,2,,,0,
401868008,2026,2,,,0,
401856788,2026,2,,,0,
401862703,2026,2,,,0,
401856783,2026,2,,,0,
401867796,2026,2,,,0,
401856671,2026,2,,,0,
401856676,2026,2,,,0,
401856789,2026,2,,,0,
401907152,2026,2,,,0,
401906606,2026,2,,,0,
401907122,2026,2,,,0,
401908817,2026,2,,,0,
401908468,2026,2,,,0,
401868050,2026,2,,,0,
401856784,2026,2,,,0,
401907009,2026,2,,,0,
401864505,2026,2,,,0,
401864504,2026,2,,,0,
401867876,2026,2,,,0,
401908422,2026,2,,,0,
401864502,2026,2,,,0,
401856670,2026,2,,,0,
401860883,2026,2,,,0,
401864500,2026,2,,,0,
401858445,2026,2,,,0,
401864578,2026,2,,,0,
401907580,2026,3,,,0,
401858225,2026,3,,,0,
401908593,2026,3,,,0,
401858226,2026,3,,,0,
401856811,2026,3,,,0,
401858455,2026,3,,,0,
401906841,2026,3,,,0,
401869940,2026,3,,,0,
401867834,2026,3,,,0,
401867805,2026,3,,,0,
401907486,2026,3,,,0,
401907495,2026,3,,,0,
401908532,2026,3,,,0,
401908164,2026,3,,,0,
401908578,2026,3,,,0,
401858229,2026,3,,,0,
401856686,2026,3,,,0,
401858454,2026,3,,,0,
401858456,2026,3,,,0,
401867817,2026,3,,,0,
401908564,2026,3,,,0,
401908559,2026,3,,,0,
401908580,2026,3,,,0,
401908143,2026,3,,,0,
401909141,2026,3,,,0,
401907653,2026,3,,,0,
401907657,2026,3,,,0,
401907737,2026,3,,,0,
401907864,2026,3,,,0,
401907881,2026,3,,,0,
401908103,2026,3,,,0,
401908010,2026,3,,,0,
401906677,2026,3,,,0,
401907546,2026,3,,,0,
401856798,2026,3,,,0,
401907518,2026,3,,,0,
401908243,2026,3,,,0,
401908493,2026,3,,,0,
401908519,2026,3,,,0,
401908366,2026,3,,,0,
401868242,2026,3,,,0,
401856792,2026,3,,,0,
401908296,2026,3,,,0,
401856812,2026,3,,,0,
401867908,2026,3,,,0,
401858228,2026,3,,,0,
401908196,2026,3,,,0,
401908085,2026,3,,,0,
401860889,2026,3,,,0,
401858451,2026,3,,,0,
401907347,2026,3,,,0,
401908218,2026,3,,,0,
401858460,2026,3,,,0,
401856695,2026,3,,,0,
401908897,2026,3,,,0,
401908914,2026,3,,,0,
401907636,2026,3,,,0,
401907605,2026,3,,,0,
401908332,2026,3,,,0,
401907528,2026,3,,,0,
401868397,2026,3,,,0,
401907511,2026,3,,,0,
401907596,2026,3,,,0,
401908340,2026,3,,,0,
401909132,2026,3,,,0,
401907619,2026,3,,,0,
401864508,2026,3,,,0,
401906154,2026,3,,,0,
401867857,2026,3,,,0,
401907564,2026,3,,,0,
401907854,2026,3,,,0,
401907873,2026,3,,,0,
401908070,2026,3,,,0,
401908539,2026,3,,,0,
401906944,2026,3,,,0,
401906937,2026,3,,,0,
401906881,2026,3,,,0,
401906650,2026,3,,,0,
401908980,2026,3,,,0,
401908908,2026,3,,,0,
401906134,2026,3,,,0,
401906612,2026,3,,,0,
401906195,2026,3,,,0,
401908274,2026,3,,,0,
401908355,2026,3,,,0,
401908824,2026,3,,,0,
401908866,2026,3,,,0,
401867826,2026,3,,,0,
401866639,2026,3,,,0,
401906127,2026,3,,,0,
401866638,2026,3,,,0,
401908191,2026,3,,,0,
401907760,2026,3,,,0,
401908477,2026,3,,,0,
401873620,2026,3,,,0,
401867686,2026,3,,,0,
401908113,2026,3,,,0,
401908173,2026,3,,,0,
401908093,2026,3,,,0,
401908232,2026,3,,,0,
401908259,2026,3,,,0,
401908320,2026,3,,,0,
401908269,2026,3,,,0,
401908348,2026,3,,,0,
401908664,2026,3,,,0,
401908671,2026,3,,,0,
401908225,2026,3,,,0,
401908841,2026,3,,,0,
401908760,2026,3,,,0,
401909122,2026,3,,,0,
401908587,2026,3,,,0,
401868023,2026,3,,,0,
401907102,2026,3,,,0,
401908748,2026,3,,,0,
401908725,2026,3,,,0,
401868159,2026,3,,,0,
401858448,2026,3,,,0,
401906904,2026,3,,,0,
401906931,2026,3,,,0,
401906996,2026,3,,,0,
401907467,2026,3,,,0,
401907979,2026,3,,,0,
401907997,2026,3,,,0,
401908361,2026,3,,,0,
401908543,2026,3,,,0,
401908873,2026,3,,,0,
401909027,2026,3,,,0,
401909127,2026,3,,,0,
401908963,2026,3,,,0,
401907791,2026,3,,,0,
401907140,2026,3,,,0,
401907679,2026,3,,,0,
401908388,2026,3,,,0,
401873395,2026,3,,,0,
401908773,2026,3,,,0,
401908732,2026,3,,,0,
401908300,2026,3,,,0,
401907747,2026,3,,,0,
401907699,2026,3,,,0,
401907667,2026,3,,,0,
401907845,2026,3,,,0,
401907819,2026,3,,,0,
401907206,2026,3,,,0,
401907112,2026,3,,,0,
401908847,2026,3,,,0,
401858227,2026,3,,,0,
401908078,2026,3,,,0,
401908020,2026,3,,,0,
401907781,2026,3,,,0,
401907395,2026,3,,,0,
401866634,2026,3,,,0,
401868275,2026,3,,,0,
401907371,2026,3,,,0,
401907221,2026,3,,,0,
401909119,2026,3,,,0,
401907123,2026,3,,,0,
401906187,2026,3,,,0,
401907505,2026,3,,,0,
401907705,2026,3,,,0,
401908455,2026,3,,,0,
401908394,2026,3,,,0,
401862774,2026,3,,,0,
401867991,2026,3,,,0,
401867846,2026,3,,,0,
401907686,2026,3,,,0,
401908985,2026,3,,,0,
401867898,2026,3,,,0,
401856685,2026,3,,,0,
401858233,2026,3,,,0,
401858457,2026,3,,,0,
401866635,2026,3,,,0,
401858450,2026,3,,,0,
401858230,2026,3,,,0,
401856797,2026,3,,,0,
401856801,2026,3,,,0,
401866424,2026,3,,,0,
401856694,2026,3,,,0,
401860890,2026,3,,,0,
401868018,2026,3,,,0,
401908406,2026,3,,,0,
401906912,2026,3,,,0,
401858231,2026,3,,,0,
401866641,2026,3,,,0,
401906633,2026,3,,,0,
401867804,2026,3,,,0,
401858449,2026,3,,,0,
401866422,2026,3,,,0,
401868942,2026,3,,,0,
401873230,2026,3,,,0,
401868051,2026,3,,,0,
401858471,2026,3,,,0,
401856691,2026,3,,,0,
401908501,2026,3,,,0,
401868317,2026,3,,,0,
401907358,2026,3,,,0,
401907476,2026,3,,,0,
401907645,2026,3,,,0,
401908293,2026,3,,,0,
401907428,2026,3,,,0,
401868142,2026,3,,,0,
401868172,2026,3,,,0,
401864574,2026,3,,,0,
401862710,2026,3,,,0,
401862771,2026,3,,,0,
401907457,2026,3,,,0,
401907293,2026,3,,,0,
401906051,2026,3,,,0,
401908677,2026,3,,,0,
401867979,2026,3,,,0,
401908306,2026,3,,,0,
401908208,2026,3,,,0,
401907569,2026,3,,,0,
401907414,2026,3,,,0,
401907405,2026,3,,,0,
401907252,2026,3,,,0,
401906163,2026,3,,,0,
401868337,2026,3,,,0,
401866640,2026,3,,,0,
401866637,2026,3,,,0,
401866636,2026,3,,,0,
401868935,2026,3,,,0,
401868009,2026,3,,,0,
401906170,2026,3,,,0,
401871047,2026,3,,,0,
401906958,2026,3,,,0,
401868205,2026,3,,,0,
401907298,2026,3,,,0,
401868151,2026,3,,,0,
401907196,2026,3,,,0,
401909020,2026,3,,,0,
401908846,2026,3,,,0,
401906528,2026,3,,,0,
401906201,2026,3,,,0,
401870764,2026,3,,,0,
401866423,2026,3,,,0,
401864443,2026,3,,,0,
401862773,2026,3,,,0,
401867896,2026,3,,,0,
401868971,2026,3,,,0,
401868237,2026,3,,,0,
401868964,2026,3,,,0,
401868133,2026,3,,,0,
401868062,2026,3,,,0,
401856687,2026,3,,,0,
401856800,2026,3,,,0,
401861963,2026,3,,,0,
401908327,2026,3,,,0,
401907276,2026,3,,,0,
401907240,2026,3,,,0,
401906622,2026,3,,,0,
401906575,2026,3,,,0,
401906560,2026,3,,,0,
401907004,2026,3,,,0,
401907840,2026,3,,,0,
401907729,2026,3,,,0,
401908277,2026,3,,,0,
401869147,2026,3,,,0,
401869948,2026,3,,,0,
401908369,2026,3,,,0,
401906537,2026,3,,,0,
401856803,2026,3,,,0,
401862777,2026,3,,,0,
401867984,2026,3,,,0,
401868959,2026,3,,,0,
401868298,2026,3,,,0,
401856689,2026,3,,,0,
401908767,2026,3,,,0,
401862772,2026,3,,,0,
401868196,2026,3,,,0,
401858452,2026,3,,,0,
401858459,2026,3,,,0,
401856796,2026,3,,,0,
401858232,2026,3,,,0,
401858453,2026,3,,,0,
401856688,2026,3,,,0,
401856795,2026,3,,,0,
401856802,2026,3,,,0,
401856690,2026,3,,,0,
401856692,2026,3,,,0,
401906547,2026,3,,,0,
401862776,2026,3,,,0,
401907132,2026,3,,,0,
401906517,2026,3,,,0,
401907316,2026,3,,,0,
401868247,2026,3,,,0,
401868130,2026,3,,,0,
401908808,2026,3,,,0,
401908797,2026,3,,,0,
401908471,2026,3,,,0,
401908430,2026,3,,,0,
401868075,2026,3,,,0,
401868307,2026,3,,,0,
401868168,2026,3,,,0,
401862775,2026,3,,,0,
401856693,2026,3,,,0,
401907364,2026,3,,,0,
401868124,2026,3,,,0,
401856799,2026,3,,,0,
401907285,2026,3,,,0,
401907330,2026,3,,,0,
401860885,2026,3,,,0,
401908417,2026,3,,,0,
401908469,2026,3,,,0,
401868164,2026,3,,,0,
401860887,2026,3,,,0,
401908464,2026,3,,,0,
401864507,2026,3,,,0,
401856793,2026,3,,,0,
401860886,2026,3,,,0,
401860888,2026,3,,,0,
401858458,2026,3,,,0,
401906938,2026,4,,,0,
401869941,2026,4,,,0,
401862779,2026,4,,,0,
401908625,2026,4,,,0,
401862778,2026,4,,,0,
401867806,2026,4,,,0,
401858468,2026,4,,,0,
401858461,2026,4,,,0,
401858234,2026,4,,,0,
401908887,2026,4,,,0,
401908478,2026,4,,,0,
401858242,2026,4,,,0,
401907468,2026,4,,,0,
401906613,2026,4,,,0,
401866425,2026,4,,,0,
401856704,2026,4,,,0,
401856805,2026,4,,,0,
401858243,2026,4,,,0,
401858465,2026,4,,,0,
401907519,2026,4,,,0,
401856813,2026,4,,,0,
401860893,2026,4,,,0,
401860896,2026,4,,,0,
401907529,2026,4,,,0,
401868263,2026,4,,,0,
401873405,2026,4,,,0,
401864512,2026,4,,,0,
401908704,2026,4,,,0,
401908485,2026,4,,,0,
401908165,2026,4,,,0,
401907560,2026,4,,,0,
401907874,2026,4,,,0,
401907570,2026,4,,,0,
401908197,2026,4,,,0,
401907748,2026,4,,,0,
401908646,2026,4,,,0,
401908716,2026,4,,,0,
401858236,2026,4,,,0,
401870839,2026,4,,,0,
401866642,2026,4,,,0,
401906642,2026,4,,,0,
401906623,2026,4,,,0,
401907865,2026,4,,,0,
401908183,2026,4,,,0,
401867818,2026,4,,,0,
401868024,2026,4,,,0,
401864576,2026,4,,,0,
401866427,2026,4,,,0,
401868219,2026,4,,,0,
401868034,2026,4,,,0,
401866648,2026,4,,,0,
401906196,2026,4,,,0,
401906959,2026,4,,,0,
401907422,2026,4,,,0,
401908096,2026,4,,,0,
401908639,2026,4,,,0,
401907646,2026,4,,,0,
401906119,2026,4,,,0,
401907855,2026,4,,,0,
401907581,2026,4,,,0,
401907588,2026,4,,,0,
401906052,2026,4,,,0,
401906140,2026,4,,,0,
401906148,2026,4,,,0,
401907415,2026,4,,,0,
401907554,2026,4,,,0,
401907597,2026,4,,,0,
401907606,2026,4,,,0,
401906164,2026,4,,,0,
401907882,2026,4,,,0,
401907579,2026,4,,,0,
401908706,2026,4,,,0,
401908678,2026,4,,,0,
401908685,2026,4,,,0,
401908692,2026,4,,,0,
401908700,2026,4,,,0,
401908825,2026,4,,,0,
401909067,2026,4,,,0,
401908833,2026,4,,,0,
401908867,2026,4,,,0,
401908749,2026,4,,,0,
401909133,2026,4,,,0,
401908892,2026,4,,,0,
401909015,2026,4,,,0,
401908520,2026,4,,,0,
401908632,2026,4,,,0,
401908898,2026,4,,,0,
401909021,2026,4,,,0,
401909028,2026,4,,,0,
401909041,2026,4,,,0,
401867827,2026,4,,,0,
401866647,2026,4,,,0,
401872618,2026,4,,,0,
401867858,2026,4,,,0,
401906634,2026,4,,,0,
401906913,2026,4,,,0,
401907477,2026,4,,,0,
401908203,2026,4,,,0,
401908174,2026,4,,,0,
401908618,2026,4,,,0,
401868390,2026,4,,,0,
401908844,2026,4,,,0,
401908672,2026,4,,,0,
401908922,2026,4,,,0,
401858462,2026,4,,,0,
401908494,2026,4,,,0,
401908548,2026,4,,,0,
401909146,2026,4,,,0,
401867885,2026,4,,,0,
401858467,2026,4,,,0,
401868063,2026,4,,,0,
401868211,2026,4,,,0,
401868338,2026,4,,,0,
401868281,2026,4,,,0,
401907382,2026,4,,,0,
401907396,2026,4,,,0,
401908791,2026,4,,,0,
401907496,2026,4,,,0,
401907654,2026,4,,,0,
401908236,2026,4,,,0,
401908540,2026,4,,,0,
401907253,2026,4,,,0,
401908278,2026,4,,,0,
401907338,2026,4,,,0,
401908652,2026,4,,,0,
401908726,2026,4,,,0,
401908778,2026,4,,,0,
401906202,2026,4,,,0,
401906678,2026,4,,,0,
401906882,2026,4,,,0,
401908809,2026,4,,,0,
401908818,2026,4,,,0,
401909125,2026,4,,,0,
401907834,2026,4,,,0,
401864511,2026,4,,,0,
401908733,2026,4,,,0,
401907693,2026,4,,,0,
401907717,2026,4,,,0,
401908768,2026,4,,,0,
401907668,2026,4,,,0,
401866643,2026,4,,,0,
401908104,2026,4,,,0,
401868037,2026,4,,,0,
401868001,2026,4,,,0,
401909128,2026,4,,,0,
401906576,2026,4,,,0,
401908956,2026,4,,,0,
401866646,2026,4,,,0,
401858237,2026,4,,,0,
401864510,2026,4,,,0,
401906188,2026,4,,,0,
401907157,2026,4,,,0,
401907124,2026,4,,,0,
401907207,2026,4,,,0,
401907637,2026,4,,,0,
401907782,2026,4,,,0,
401909048,2026,4,,,0,
401907010,2026,4,,,0,
401907113,2026,4,,,0,
401873396,2026,4,,,0,
401856816,2026,4,,,0,
401856700,2026,4,,,0,
401907700,2026,4,,,0,
401856815,2026,4,,,0,
401861970,2026,4,,,0,
401868188,2026,4,,,0,
401858463,2026,4,,,0,
401856699,2026,4,,,0,
401868387,2026,4,,,0,
401868346,2026,4,,,0,
401864579,2026,4,,,0,
401860897,2026,4,,,0,
401866426,2026,4,,,0,
401866428,2026,4,,,0,
401858244,2026,4,,,0,
401866644,2026,4,,,0,
401869143,2026,4,,,0,
401856806,2026,4,,,0,
401862781,2026,4,,,0,
401868206,2026,4,,,0,
401868358,2026,4,,,0,
401907286,2026,4,,,0,
401909115,2026,4,,,0,
401908740,2026,4,,,0,
401907213,2026,4,,,0,
401907565,2026,4,,,0,
401908252,2026,4,,,0,
401906171,2026,4,,,0,
401907133,2026,4,,,0,
401907277,2026,4,,,0,
401856698,2026,4,,,0,
401862785,2026,4,,,0,
401858464,2026,4,,,0,
401867847,2026,4,,,0,
401858466,2026,4,,,0,
401867909,2026,4,,,0,
401907506,2026,4,,,0,
401869961,2026,4,,,0,
401868327,2026,4,,,0,
401868243,2026,4,,,0,
401866649,2026,4,,,0,
401868308,2026,4,,,0,
401858239,2026,4,,,0,
401860892,2026,4,,,0,
401906951,2026,4,,,0,
401907335,2026,4,,,0,
401906651,2026,4,,,0,
401907463,2026,4,,,0,
401908806,2026,4,,,0,
401907197,2026,4,,,0,
401907725,2026,4,,,0,
401866645,2026,4,,,0,
401907406,2026,4,,,0,
401908378,2026,4,,,0,
401858238,2026,4,,,0,
401907539,2026,4,,,0,
401862780,2026,4,,,0,
401868960,2026,4,,,0,
401868299,2026,4,,,0,
401906567,2026,4,,,0,
401907222,2026,4,,,0,
401907707,2026,4,,,0,
401907738,2026,4,,,0,
401907792,2026,4,,,0,
401906538,2026,4,,,0,
401906555,2026,4,,,0,
401867985,2026,4,,,0,
401868954,2026,4,,,0,
401868076,2026,4,,,0,
401871048,2026,4,,,0,
401868318,2026,4,,,0,
401908875,2026,4,,,0,
401868179,2026,4,,,0,
401869137,2026,4,,,0,
401867868,2026,4,,,0,
401870745,2026,4,,,0,
401856696,2026,4,,,0,
401908380,2026,4,,,0,
401906518,2026,4,,,0,
401908932,2026,4,,,0,
401907841,2026,4,,,0,
401867687,2026,4,,,0,
401871472,2026,4,,,0,
401856881,2026,4,,,0,
401862784,2026,4,,,0,
401869931,2026,4,,,0,
401908328,2026,4,,,0,
401856814,2026,4,,,0,
401856804,2026,4,,,0,
401856702,2026,4,,,0,
401860894,2026,4,,,0,
401858469,2026,4,,,0,
401862783,2026,4,,,0,
401864572,2026,4,,,0,
401856703,2026,4,,,0,
401868131,2026,4,,,0,
401856697,2026,4,,,0,
401908903,2026,4,,,0,
401868155,2026,4,,,0,
401862782,2026,4,,,0,
401868052,2026,4,,,0,
401907103,2026,4,,,0,
401907348,2026,4,,,0,
401906548,2026,4,,,0,
401868103,2026,4,,,0,
401907365,2026,4,,,0,
401908529,2026,4,,,0,
401908798,2026,4,,,0,
401907309,2026,4,,,0,
401907299,2026,4,,,0,
401866429,2026,4,,,0,
401907331,2026,4,,,0,
401860895,2026,4,,,0,
401858241,2026,4,,,0,
401908449,2026,4,,,0,
401908442,2026,4,,,0,
401868113,2026,4,,,0,
401860891,2026,4,,,0,
401908435,2026,4,,,0,
401858240,2026,4,,,0,
401864509,2026,4,,,0,
401868120,2026,4,,,0,
401858470,2026,4,,,0,
401871049,2026,5,,,0,
401862786,2026,5,,,0,
401908333,2026,5,,,0,
401908367,2026,5,,,0,
401871050,2026,5,,,0,
401858245,2026,5,,,0,
401908686,2026,5,,,0,
401858476,2026,5,,,0,
401868094,2026,5,,,0,
401858250,2026,5,,,0,
401856707,2026,5,,,0,
401858246,2026,5,,,0,
401907675,2026,5,,,0,
401907487,2026,5,,,0,
401856807,2026,5,,,0,
401907856,2026,5,,,0,
401906652,2026,5,,,0,
401906679,2026,5,,,0,
401907866,2026,5,,,0,
401867910,2026,5,,,0,
401870840,2026,5,,,0,
401866654,2026,5,,,0,
401867819,2026,5,,,0,
401868010,2026,5,,,0,
401856822,2026,5,,,0,
401858252,2026,5,,,0,
401908079,2026,5,,,0,
401858474,2026,5,,,0,
401862791,2026,5,,,0,
401858251,2026,5,,,0,
401867899,2026,5,,,0,
401856819,2026,5,,,0,
401907478,2026,5,,,0,
401908071,2026,5,,,0,
401908960,2026,5,,,0,
401908893,2026,5,,,0,
401908640,2026,5,,,0,
401908626,2026,5,,,0,
401908600,2026,5,,,0,
401908570,2026,5,,,0,
401908486,2026,5,,,0,
401908479,2026,5,,,0,
401908209,2026,5,,,0,
401908588,2026,5,,,0,
401858479,2026,5,,,0,
401867828,2026,5,,,0,
401868029,2026,5,,,0,
401856705,2026,5,,,0,
401868276,2026,5,,,0,
401867967,2026,5,,,0,
401868228,2026,5,,,0,
401868264,2026,5,,,0,
401909006,2026,5,,,0,
401907602,2026,5,,,0,
401907623,2026,5,,,0,
401907658,2026,5,,,0,
401907571,2026,5,,,0,
401907561,2026,5,,,0,
401907530,2026,5,,,0,
401907497,2026,5,,,0,
401907397,2026,5,,,0,
401906952,2026,5,,,0,
401906945,2026,5,,,0,
401906684,2026,5,,,0,
401906635,2026,5,,,0,
401906197,2026,5,,,0,
401906135,2026,5,,,0,
401906128,2026,5,,,0,
401906120,2026,5,,,0,
401906053,2026,5,,,0,
401866432,2026,5,,,0,
401907669,2026,5,,,0,
401907739,2026,5,,,0,
401907749,2026,5,,,0,
401907883,2026,5,,,0,
401908097,2026,5,,,0,
401908311,2026,5,,,0,
401908341,2026,5,,,0,
401908379,2026,5,,,0,
401908521,2026,5,,,0,
401908611,2026,5,,,0,
401908633,2026,5,,,0,
401868270,2026,5,,,0,
401866650,2026,5,,,0,
401866651,2026,5,,,0,
401908707,2026,5,,,0,
401908713,2026,5,,,0,
401908719,2026,5,,,0,
401908826,2026,5,,,0,
401908899,2026,5,,,0,
401908909,2026,5,,,0,
401908926,2026,5,,,0,
401908934,2026,5,,,0,
401908993,2026,5,,,0,
401909000,2026,5,,,0,
401909034,2026,5,,,0,
401909052,2026,5,,,0,
401909129,2026,5,,,0,
401909134,2026,5,,,0,
401906155,2026,5,,,0,
401907589,2026,5,,,0,
401907540,2026,5,,,0,
401867835,2026,5,,,0,
401908837,2026,5,,,0,
401908260,2026,5,,,0,
401908233,2026,5,,,0,
401907616,2026,5,,,0,
401908881,2026,5,,,0,
401908918,2026,5,,,0,
401868381,2026,5,,,0,
401908021,2026,5,,,0,
401908144,2026,5,,,0,
401908151,2026,5,,,0,
401908226,2026,5,,,0,
401908249,2026,5,,,0,
401908286,2026,5,,,0,
401908413,2026,5,,,0,
401908502,2026,5,,,0,
401908510,2026,5,,,0,
401907761,2026,5,,,0,
401907820,2026,5,,,0,
401908541,2026,5,,,0,
401908745,2026,5,,,0,
401907793,2026,5,,,0,
401908750,2026,5,,,0,
401907783,2026,5,,,0,
401907730,2026,5,,,0,
401907708,2026,5,,,0,
401907598,2026,5,,,0,
401907547,2026,5,,,0,
401907469,2026,5,,,0,
401907416,2026,5,,,0,
401907359,2026,5,,,0,
401907223,2026,5,,,0,
401908874,2026,5,,,0,
401873397,2026,5,,,0,
401909144,2026,5,,,0,
401907849,2026,5,,,0,
401907888,2026,5,,,0,
401907980,2026,5,,,0,
401908761,2026,5,,,0,
401908967,2026,5,,,0,
401867869,2026,5,,,0,
401867918,2026,5,,,0,
401867986,2026,5,,,0,
401868375,2026,5,,,0,
401908819,2026,5,,,0,
401908810,2026,5,,,0,
401908799,2026,5,,,0,
401908779,2026,5,,,0,
401908774,2026,5,,,0,
401906960,2026,5,,,0,
401907114,2026,5,,,0,
401907153,2026,5,,,0,
401907198,2026,5,,,0,
401907208,2026,5,,,0,
401907109,2026,5,,,0,
401866431,2026,5,,,0,
401906172,2026,5,,,0,
401906556,2026,5,,,0,
401906905,2026,5,,,0,
401906932,2026,5,,,0,
401906939,2026,5,,,0,
401907957,2026,5,,,0,
401907432,2026,5,,,0,
401908653,2026,5,,,0,
401906519,2026,5,,,0,
401906529,2026,5,,,0,
401906539,2026,5,,,0,
401906561,2026,5,,,0,
401906568,2026,5,,,0,
401906883,2026,5,,,0,
401907300,2026,5,,,0,
401907325,2026,5,,,0,
401907383,2026,5,,,0,
401907680,2026,5,,,0,
401907694,2026,5,,,0,
401907712,2026,5,,,0,
401908727,2026,5,,,0,
401908981,2026,5,,,0,
401909102,2026,5,,,0,
401868359,2026,5,,,0,
401867859,2026,5,,,0,
401866656,2026,5,,,0,
401868965,2026,5,,,0,
401858473,2026,5,,,0,
401866477,2026,5,,,0,
401866430,2026,5,,,0,
401868339,2026,5,,,0,
401868025,2026,5,,,0,
401856708,2026,5,,,0,
401858247,2026,5,,,0,
401862793,2026,5,,,0,
401869956,2026,5,,,0,
401862787,2026,5,,,0,
401858253,2026,5,,,0,
401864515,2026,5,,,0,
401866433,2026,5,,,0,
401866434,2026,5,,,0,
401856710,2026,5,,,0,
401866652,2026,5,,,0,
401858248,2026,5,,,0,
401866655,2026,5,,,0,
401869962,2026,5,,,0,
401908986,2026,5,,,0,
401908582,2026,5,,,0,
401908294,2026,5,,,0,
401908395,2026,5,,,0,
401908423,2026,5,,,0,
401907214,2026,5,,,0,
401906189,2026,5,,,0,
401907520,2026,5,,,0,
401907647,2026,5,,,0,
401908436,2026,5,,,0,
401873231,2026,5,,,0,
401908549,2026,5,,,0,
401864514,2026,5,,,0,
401868220,2026,5,,,0,
401868197,2026,5,,,0,
401868114,2026,5,,,0,
401868328,2026,5,,,0,
401858475,2026,5,,,0,
401858472,2026,5,,,0,
401856709,2026,5,,,0,
401868295,2026,5,,,0,
401868064,2026,5,,,0,
401867891,2026,5,,,0,
401873406,2026,5,,,0,
401906179,2026,5,,,0,
401908279,2026,5,,,0,
401908544,2026,5,,,0,
401868143,2026,5,,,0,
401909029,2026,5,,,0,
401908389,2026,5,,,0,
401906591,2026,5,,,0,
401906923,2026,5,,,0,
401907407,2026,5,,,0,
401907555,2026,5,,,0,
401907875,2026,5,,,0,
401908051,2026,5,,,0,
401868173,2026,5,,,0,
401868309,2026,5,,,0,
401868391,2026,5,,,0,
401909049,2026,5,,,0,
401866653,2026,5,,,0,
401860899,2026,5,,,0,
401862790,2026,5,,,0,
401866657,2026,5,,,0,
401909120,2026,5,,,0,
401906624,2026,5,,,0,
401909022,2026,5,,,0,
401908834,2026,5,,,0,
401908655,2026,5,,,0,
401908472,2026,5,,,0,
401908431,2026,5,,,0,
401908105,2026,5,,,0,
401907638,2026,5,,,0,
401907458,2026,5,,,0,
401907294,2026,5,,,0,
401907278,2026,5,,,0,
401906207,2026,5,,,0,
401906614,2026,5,,,0,
401862788,2026,5,,,0,
401871089,2026,5,,,0,
401856818,2026,5,,,0,
401856711,2026,5,,,0,
401869131,2026,5,,,0,
401869151,2026,5,,,0,
401908329,2026,5,,,0,
401869942,2026,5,,,0,
401867848,2026,5,,,0,
401867840,2026,5,,,0,
401867688,2026,5,,,0,
401868248,2026,5,,,0,
401868936,2026,5,,,0,
401869842,2026,5,,,0,
401858478,2026,5,,,0,
401860898,2026,5,,,0,
401862792,2026,5,,,0,
401856821,2026,5,,,0,
401858249,2026,5,,,0,
401856706,2026,5,,,0,
401868104,2026,5,,,0,
401869932,2026,5,,,0,
401908876,2026,5,,,0,
401907339,2026,5,,,0,
401907125,2026,5,,,0,
401907158,2026,5,,,0,
401907287,2026,5,,,0,
401907310,2026,5,,,0,
401907366,2026,5,,,0,
401868053,2026,5,,,0,
401868077,2026,5,,,0,
401868160,2026,5,,,0,
401858477,2026,5,,,0,
401908465,2026,5,,,0,
401860921,2026,5,,,0,
401908443,2026,5,,,0,
401908456,2026,5,,,0,
401860900,2026,5,,,0,
401856817,2026,5,,,0,
401868086,2026,5,,,0,
401856820,2026,5,,,0,
401864513,2026,5,,,0,
401871090,2026,6,,,0,
401871051,2026,6,,,0,
401871066,2026,6,,,0,
401870766,2026,6,,,0,
401871052,2026,6,,,0,
401869933,2026,6,,,0,
401862794,2026,6,,,0,
401908581,2026,6,,,0,
401858254,2026,6,,,0,
401868265,2026,6,,,0,
401858487,2026,6,,,0,
401860922,2026,6,,,0,
401864519,2026,6,,,0,
401856826,2026,6,,,0,
401858259,2026,6,,,0,
401856715,2026,6,,,0,
401858258,2026,6,,,0,
401858260,2026,6,,,0,
401856714,2026,6,,,0,
401856712,2026,6,,,0,
401856716,2026,6,,,0,
401856824,2026,6,,,0,
401858255,2026,6,,,0,
401858256,2026,6,,,0,
401858480,2026,6,,,0,
401858481,2026,6,,,0,
401858485,2026,6,,,0,
401861964,2026,6,,,0,
401856827,2026,6,,,0,
401866436,2026,6,,,0,
401866437,2026,6,,,0,
401869843,2026,6,,,0,
401862796,2026,6,,,0,
401866439,2026,6,,,0,
401867930,2026,6,,,0,
401869943,2026,6,,,0,
401858486,2026,6,,,0,
401862797,2026,6,,,0,
401856825,2026,6,,,0,
401856823,2026,6,,,0,
401858482,2026,6,,,0,
401856718,2026,6,,,0,
401856713,2026,6,,,0,
401869965,2026,6,,,0,
401867907,2026,6,,,0,
401869949,2026,6,,,0,
401866440,2026,6,,,0,
401856808,2026,6,,,0,
401866438,2026,6,,,0,
401864517,2026,6,,,0,
401858484,2026,6,,,0,
401862798,2026,6,,,0,
401858483,2026,6,,,0,
401868229,2026,6,,,0,
401866658,2026,6,,,0,
401908599,2026,6,,,0,
401908717,2026,6,,,0,
401906643,2026,6,,,0,
401906862,2026,6,,,0,
401906997,2026,6,,,0,
401907572,2026,6,,,0,
401907582,2026,6,,,0,
401907659,2026,6,,,0,
401907676,2026,6,,,0,
401908086,2026,6,,,0,
401908175,2026,6,,,0,
401908565,2026,6,,,0,
401908571,2026,6,,,0,
401908589,2026,6,,,0,
401908594,2026,6,,,0,
401908619,2026,6,,,0,
401908634,2026,6,,,0,
401908641,2026,6,,,0,
401867919,2026,6,,,0,
401867836,2026,6,,,0,
401866662,2026,6,,,0,
401866660,2026,6,,,0,
401862795,2026,6,,,0,
401906180,2026,6,,,0,
401908192,2026,6,,,0,
401867992,2026,6,,,0,
401908473,2026,6,,,0,
401908647,2026,6,,,0,
401908687,2026,6,,,0,
401908734,2026,6,,,0,
401908775,2026,6,,,0,
401908855,2026,6,,,0,
401908888,2026,6,,,0,
401908900,2026,6,,,0,
401908910,2026,6,,,0,
401908977,2026,6,,,0,
401908994,2026,6,,,0,
401909010,2026,6,,,0,
401909053,2026,6,,,0,
401868212,2026,6,,,0,
401867980,2026,6,,,0,
401867911,2026,6,,,0,
401867860,2026,6,,,0,
401908334,2026,6,,,0,
401908264,2026,6,,,0,
401873232,2026,6,,,0,
401908184,2026,6,,,0,
401908166,2026,6,,,0,
401908106,2026,6,,,0,
401873407,2026,6,,,0,
401908098,2026,6,,,0,
401908080,2026,6,,,0,
401908052,2026,6,,,0,
401907750,2026,6,,,0,
401907740,2026,6,,,0,
401907709,2026,6,,,0,
401907681,2026,6,,,0,
401907648,2026,6,,,0,
401907607,2026,6,,,0,
401907599,2026,6,,,0,
401907590,2026,6,,,0,
401907521,2026,6,,,0,
401907423,2026,6,,,0,
401907398,2026,6,,,0,
401907387,2026,6,,,0,
401907295,2026,6,,,0,
401908342,2026,6,,,0,
401908362,2026,6,,,0,
401908503,2026,6,,,0,
401906121,2026,6,,,0,
401906129,2026,6,,,0,
401906141,2026,6,,,0,
401906160,2026,6,,,0,
401906906,2026,6,,,0,
401906884,2026,6,,,0,
401868340,2026,6,,,0,
401906974,2026,6,,,0,
401867954,2026,6,,,0,
401867829,2026,6,,,0,
401906190,2026,6,,,0,
401906953,2026,6,,,0,
401906572,2026,6,,,0,
401906208,2026,6,,,0,
401867960,2026,6,,,0,
401908792,2026,6,,,0,
401908227,2026,6,,,0,
401908219,2026,6,,,0,
401908665,2026,6,,,0,
401908769,2026,6,,,0,
401908315,2026,6,,,0,
401908751,2026,6,,,0,
401908656,2026,6,,,0,
401908554,2026,6,,,0,
401908381,2026,6,,,0,
401908550,2026,6,,,0,
401908428,2026,6,,,0,
401907244,2026,6,,,0,
401908525,2026,6,,,0,
401907721,2026,6,,,0,
401907305,2026,6,,,0,
401907215,2026,6,,,0,
401907731,2026,6,,,0,
401906946,2026,6,,,0,
401907531,2026,6,,,0,
401868282,2026,6,,,0,
401907566,2026,6,,,0,
401907784,2026,6,,,0,
401907603,2026,6,,,0,
401907670,2026,6,,,0,
401907821,2026,6,,,0,
401907889,2026,6,,,0,
401907958,2026,6,,,0,
401906924,2026,6,,,0,
401907968,2026,6,,,0,
401907998,2026,6,,,0,
401908011,2026,6,,,0,
401908210,2026,6,,,0,
401908820,2026,6,,,0,
401908811,2026,6,,,0,
401867886,2026,6,,,0,
401908301,2026,6,,,0,
401908827,2026,6,,,0,
401909123,2026,6,,,0,
401908072,2026,6,,,0,
401906914,2026,6,,,0,
401909030,2026,6,,,0,
401906625,2026,6,,,0,
401908145,2026,6,,,0,
401908904,2026,6,,,0,
401908312,2026,6,,,0,
401908287,2026,6,,,0,
401908861,2026,6,,,0,
401908848,2026,6,,,0,
401866661,2026,6,,,0,
401871473,2026,6,,,0,
401868347,2026,6,,,0,
401867974,2026,6,,,0,
401868256,2026,6,,,0,
401909116,2026,6,,,0,
401907340,2026,6,,,0,
401907762,2026,6,,,0,
401906549,2026,6,,,0,
401868360,2026,6,,,0,
401909035,2026,6,,,0,
401908927,2026,6,,,0,
401908868,2026,6,,,0,
401908786,2026,6,,,0,
401908280,2026,6,,,0,
401908244,2026,6,,,0,
401908237,2026,6,,,0,
401907794,2026,6,,,0,
401907718,2026,6,,,0,
401907687,2026,6,,,0,
401907461,2026,6,,,0,
401907360,2026,6,,,0,
401906580,2026,6,,,0,
401906530,2026,6,,,0,
401868966,2026,6,,,0,
401868968,2026,6,,,0,
401868382,2026,6,,,0,
401868095,2026,6,,,0,
401868198,2026,6,,,0,
401866435,2026,6,,,0,
401858257,2026,6,,,0,
401868180,2026,6,,,0,
401868376,2026,6,,,0,
401856717,2026,6,,,0,
401862799,2026,6,,,0,
401868011,2026,6,,,0,
401908450,2026,6,,,0,
401908987,2026,6,,,0,
401909007,2026,6,,,0,
401869144,2026,6,,,0,
401868329,2026,6,,,0,
401868156,2026,6,,,0,
401866659,2026,6,,,0,
401906557,2026,6,,,0,
401906636,2026,6,,,0,
401906685,2026,6,,,0,
401907235,2026,6,,,0,
401907288,2026,6,,,0,
401908396,2026,6,,,0,
401908407,2026,6,,,0,
401908418,2026,6,,,0,
401908461,2026,6,,,0,
401907311,2026,6,,,0,
401906520,2026,6,,,0,
401868115,2026,6,,,0,
401867877,2026,6,,,0,
401874036,2026,6,,,0,
401908973,2026,6,,,0,
401868955,2026,6,,,0,
401868221,2026,6,,,0,
401907733,2026,6,,,0,
401907429,2026,6,,,0,
401907199,2026,6,,,0,
401867987,2026,6,,,0,
401907498,2026,6,,,0,
401907734,2026,6,,,0,
401907408,2026,6,,,0,
401868078,2026,6,,,0,
401860902,2026,6,,,0,
401868144,2026,6,,,0,
401868300,2026,6,,,0,
401868087,2026,6,,,0,
401868065,2026,6,,,0,
401907279,2026,6,,,0,
401864518,2026,6,,,0,
401907377,2026,6,,,0,
401907846,2026,6,,,0,
401908234,2026,6,,,0,
401908877,2026,6,,,0,
401909042,2026,6,,,0,
401864516,2026,6,,,0,
401907317,2026,6,,,0,
401907349,2026,6,,,0,
401868054,2026,6,,,0,
401868249,2026,6,,,0,
401907301,2026,6,,,0,
401908437,2026,6,,,0,
401908444,2026,6,,,0,
401860901,2026,6,,,0,
401871067,2026,7,,,0,
401871053,2026,7,,,0,
401871054,2026,7,,,0,
401871068,2026,7,,,0,
401908708,2026,7,,,0,
401862800,2026,7,,,0,
401869950,2026,7,,,0,
401860923,2026,7,,,0,
401906540,2026,7,,,0,
401906581,2026,7,,,0,
401867821,2026,7,,,0,
401862801,2026,7,,,0,
401869844,2026,7,,,0,
401858493,2026,7,,,0,
401858491,2026,7,,,0,
401869966,2026,7,,,0,
401862805,2026,7,,,0,
401858269,2026,7,,,0,
401867849,2026,7,,,0,
401866442,2026,7,,,0,
401866444,2026,7,,,0,
401856829,2026,7,,,0,
401858494,2026,7,,,0,
401871091,2026,7,,,0,
401866445,2026,7,,,0,
401866441,2026,7,,,0,
401864521,2026,7,,,0,
401856721,2026,7,,,0,
401856830,2026,7,,,0,
401856831,2026,7,,,0,
401906531,2026,7,,,0,
401862803,2026,7,,,0,
401869957,2026,7,,,0,
401866478,2026,7,,,0,
401862804,2026,7,,,0,
401862806,2026,7,,,0,
401856719,2026,7,,,0,
401856833,2026,7,,,0,
401858492,2026,7,,,0,
401858265,2026,7,,,0,
401858264,2026,7,,,0,
401858261,2026,7,,,0,
401856828,2026,7,,,0,
401869934,2026,7,,,0,
401866443,2026,7,,,0,
401858263,2026,7,,,0,
401856722,2026,7,,,0,
401858266,2026,7,,,0,
401856832,2026,7,,,0,
401867912,2026,7,,,0,
401867901,2026,7,,,0,
401856726,2026,7,,,0,
401856720,2026,7,,,0,
401856723,2026,7,,,0,
401856724,2026,7,,,0,
401856809,2026,7,,,0,
401858490,2026,7,,,0,
401858489,2026,7,,,0,
401858488,2026,7,,,0,
401858268,2026,7,,,0,
401858267,2026,7,,,0,
401866663,2026,7,,,0,
401867807,2026,7,,,0,
401866668,2026,7,,,0,
401867920,2026,7,,,0,
401906644,2026,7,,,0,
401907620,2026,7,,,0,
401907857,2026,7,,,0,
401908627,2026,7,,,0,
401908583,2026,7,,,0,
401908572,2026,7,,,0,
401908560,2026,7,,,0,
401908533,2026,7,,,0,
401908480,2026,7,,,0,
401908313,2026,7,,,0,
401908167,2026,7,,,0,
401908081,2026,7,,,0,
401907867,2026,7,,,0,
401906626,2026,7,,,0,
401907556,2026,7,,,0,
401909016,2026,7,,,0,
401908935,2026,7,,,0,
401906653,2026,7,,,0,
401908928,2026,7,,,0,
401908894,2026,7,,,0,
401908526,2026,7,,,0,
401908882,2026,7,,,0,
401908845,2026,7,,,0,
401908741,2026,7,,,0,
401908701,2026,7,,,0,
401866669,2026,7,,,0,
401862802,2026,7,,,0,
401906947,2026,7,,,0,
401907499,2026,7,,,0,
401907512,2026,7,,,0,
401907522,2026,7,,,0,
401867925,2026,7,,,0,
401906592,2026,7,,,0,
401867837,2026,7,,,0,
401906607,2026,7,,,0,
401906846,2026,7,,,0,
401868213,2026,7,,,0,
401867841,2026,7,,,0,
401873408,2026,7,,,0,
401906054,2026,7,,,0,
401906122,2026,7,,,0,
401906142,2026,7,,,0,
401906181,2026,7,,,0,
401868002,2026,7,,,0,
401908053,2026,7,,,0,
401915932,2026,7,,,0,
401856725,2026,7,,,0,
401869132,2026,7,,,0,
401868257,2026,7,,,0,
401868222,2026,7,,,0,
401866665,2026,7,,,0,
401866664,2026,7,,,0,
401906925,2026,7,,,0,
401907200,2026,7,,,0,
401907306,2026,7,,,0,
401907417,2026,7,,,0,
401907433,2026,7,,,0,
401907470,2026,7,,,0,
401907479,2026,7,,,0,
401907488,2026,7,,,0,
401907541,2026,7,,,0,
401907548,2026,7,,,0,
401907583,2026,7,,,0,
401907617,2026,7,,,0,
401907660,2026,7,,,0,
401908185,2026,7,,,0,
401908193,2026,7,,,0,
401908198,2026,7,,,0,
401908204,2026,7,,,0,
401908295,2026,7,,,0,
401908307,2026,7,,,0,
401908335,2026,7,,,0,
401908356,2026,7,,,0,
401908370,2026,7,,,0,
401908382,2026,7,,,0,
401908474,2026,7,,,0,
401908487,2026,7,,,0,
401908612,2026,7,,,0,
401908642,2026,7,,,0,
401908679,2026,7,,,0,
401908714,2026,7,,,0,
401908752,2026,7,,,0,
401908828,2026,7,,,0,
401908856,2026,7,,,0,
401908869,2026,7,,,0,
401908968,2026,7,,,0,
401908983,2026,7,,,0,
401909001,2026,7,,,0,
401909023,2026,7,,,0,
401909043,2026,7,,,0,
401909054,2026,7,,,0,
401909130,2026,7,,,0,
401906130,2026,7,,,0,
401908666,2026,7,,,0,
401908919,2026,7,,,0,
401908220,2026,7,,,0,
401908657,2026,7,,,0,
401908228,2026,7,,,0,
401908211,2026,7,,,0,
401868398,2026,7,,,0,
401908654,2026,7,,,0,
401907763,2026,7,,,0,
401907671,2026,7,,,0,
401907591,2026,7,,,0,
401907573,2026,7,,,0,
401907567,2026,7,,,0,
401907507,2026,7,,,0,
401907462,2026,7,,,0,
401907430,2026,7,,,0,
401908800,2026,7,,,0,
401908821,2026,7,,,0,
401908849,2026,7,,,0,
401908862,2026,7,,,0,
401908022,2026,7,,,0,
401867878,2026,7,,,0,
401868066,2026,7,,,0,
401868277,2026,7,,,0,
401908785,2026,7,,,0,
401908762,2026,7,,,0,
401908755,2026,7,,,0,
401908728,2026,7,,,0,
401907815,2026,7,,,0,
401907822,2026,7,,,0,
401907827,2026,7,,,0,
401907890,2026,7,,,0,
401907981,2026,7,,,0,
401908545,2026,7,,,0,
401908511,2026,7,,,0,
401907999,2026,7,,,0,
401908595,2026,7,,,0,
401873398,2026,7,,,0,
401908363,2026,7,,,0,
401908245,2026,7,,,0,
401908281,2026,7,,,0,
401907216,2026,7,,,0,
401908390,2026,7,,,0,
401907241,2026,7,,,0,
401867830,2026,7,,,0,
401906680,2026,7,,,0,
401906203,2026,7,,,0,
401908878,2026,7,,,0,
401906940,2026,7,,,0,
401908889,2026,7,,,0,
401908915,2026,7,,,0,
401906136,2026,7,,,0,
401906933,2026,7,,,0,
401907372,2026,7,,,0,
401907350,2026,7,,,0,
401908995,2026,7,,,0,
401907341,2026,7,,,0,
401909103,2026,7,,,0,
401908321,2026,7,,,0,
401908146,2026,7,,,0,
401908114,2026,7,,,0,
401908107,2026,7,,,0,
401907399,2026,7,,,0,
401866666,2026,7,,,0,
401868145,2026,7,,,0,
401908607,2026,7,,,0,
401868301,2026,7,,,0,
401868949,2026,7,,,0,
401868207,2026,7,,,0,
401868189,2026,7,,,0,
401868105,2026,7,,,0,
401868096,2026,7,,,0,
401907104,2026,7,,,0,
401907005,2026,7,,,0,
401906975,2026,7,,,0,
401906915,2026,7,,,0,
401906562,2026,7,,,0,
401906550,2026,7,,,0,
401907134,2026,7,,,0,
401907236,2026,7,,,0,
401907378,2026,7,,,0,
401908238,2026,7,,,0,
401908988,2026,7,,,0,
401909142,2026,7,,,0,
401867993,2026,7,,,0,
401868181,2026,7,,,0,
401868330,2026,7,,,0,
401868361,2026,7,,,0,
401868943,2026,7,,,0,
401867961,2026,7,,,0,
401866667,2026,7,,,0,
401864524,2026,7,,,0,
401868012,2026,7,,,0,
401864522,2026,7,,,0,
401868289,2026,7,,,0,
401868310,2026,7,,,0,
401873233,2026,7,,,0,
401908842,2026,7,,,0,
401906173,2026,7,,,0,
401908451,2026,7,,,0,
401908424,2026,7,,,0,
401908419,2026,7,,,0,
401908397,2026,7,,,0,
401908316,2026,7,,,0,
401907146,2026,7,,,0,
401874037,2026,7,,,0,
401907289,2026,7,,,0,
401867870,2026,7,,,0,
401907626,2026,7,,,0,
401906885,2026,7,,,0,
401867897,2026,7,,,0,
401860903,2026,7,,,0,
401867968,2026,7,,,0,
401868134,2026,7,,,0,
401868055,2026,7,,,0,
401868088,2026,7,,,0,
401868125,2026,7,,,0,
401868250,2026,7,,,0,
401869152,2026,7,,,0,
401906521,2026,7,,,0,
401864520,2026,7,,,0,
401907741,2026,7,,,0,
401907835,2026,7,,,0,
401868319,2026,7,,,0,
401908551,2026,7,,,0,
401868383,2026,7,,,0,
401907318,2026,7,,,0,
401909036,2026,7,,,0,
401858262,2026,7,,,0,
401907367,2026,7,,,0,
401907154,2026,7,,,0,
401907327,2026,7,,,0,
401908812,2026,7,,,0,
401907312,2026,7,,,0,
401907115,2026,7,,,0,
401868161,2026,7,,,0,
401868079,2026,7,,,0,
401907280,2026,7,,,0,
401908445,2026,7,,,0,
401864523,2026,7,,,0,
401908438,2026,7,,,0,
401908457,2026,7,,,0,
401860904,2026,7,,,0,
401871069,2026,8,,,0,
401871055,2026,8,,,0,
401871092,2026,8,,,0,
401871070,2026,8,,,0,
401871056,2026,8,,,0,
401869845,2026,8,,,0,
401862807,2026,8,,,0,
401867955,2026,8,,,0,
401908352,2026,8,,,0,
401870841,2026,8,,,0,
401858271,2026,8,,,0,
401861965,2026,8,,,0,
401862808,2026,8,,,0,
401864525,2026,8,,,0,
401858272,2026,8,,,0,
401866448,2026,8,,,0,
401866447,2026,8,,,0,
401866446,2026,8,,,0,
401867913,2026,8,,,0,
401858497,2026,8,,,0,
401862811,2026,8,,,0,
401856837,2026,8,,,0,
401856729,2026,8,,,0,
401858273,2026,8,,,0,
401858270,2026,8,,,0,
401856731,2026,8,,,0,
401856732,2026,8,,,0,
401856838,2026,8,,,0,
401871094,2026,8,,,0,
401858275,2026,8,,,0,
401871093,2026,8,,,0,
401856840,2026,8,,,0,
401858274,2026,8,,,0,
401858495,2026,8,,,0,
401858496,2026,8,,,0,
401858498,2026,8,,,0,
401858499,2026,8,,,0,
401858500,2026,8,,,0,
401862809,2026,8,,,0,
401864526,2026,8,,,0,
401866449,2026,8,,,0,
401866450,2026,8,,,0,
401866476,2026,8,,,0,
401869967,2026,8,,,0,
401856835,2026,8,,,0,
401856839,2026,8,,,0,
401858276,2026,8,,,0,
401856730,2026,8,,,0,
401856727,2026,8,,,0,
401856836,2026,8,,,0,
401856834,2026,8,,,0,
401856841,2026,8,,,0,
401908561,2026,8,,,0,
401868230,2026,8,,,0,
401868266,2026,8,,,0,
401867931,2026,8,,,0,
401909044,2026,8,,,0,
401908957,2026,8,,,0,
401908955,2026,8,,,0,
401908929,2026,8,,,0,
401906627,2026,8,,,0,
401906654,2026,8,,,0,
401906842,2026,8,,,0,
401906886,2026,8,,,0,
401907508,2026,8,,,0,
401907549,2026,8,,,0,
401907574,2026,8,,,0,
401907621,2026,8,,,0,
401907661,2026,8,,,0,
401907751,2026,8,,,0,
401907868,2026,8,,,0,
401907876,2026,8,,,0,
401908199,2026,8,,,0,
401908481,2026,8,,,0,
401908488,2026,8,,,0,
401908596,2026,8,,,0,
401908604,2026,8,,,0,
401908635,2026,8,,,0,
401908705,2026,8,,,0,
401908901,2026,8,,,0,
401867808,2026,8,,,0,
401867902,2026,8,,,0,
401866670,2026,8,,,0,
401866674,2026,8,,,0,
401856728,2026,8,,,0,
401906976,2026,8,,,0,
401909024,2026,8,,,0,
401909008,2026,8,,,0,
401909002,2026,8,,,0,
401906934,2026,8,,,0,
401909037,2026,8,,,0,
401906998,2026,8,,,0,
401907209,2026,8,,,0,
401907307,2026,8,,,0,
401907471,2026,8,,,0,
401907480,2026,8,,,0,
401907489,2026,8,,,0,
401907513,2026,8,,,0,
401907584,2026,8,,,0,
401907592,2026,8,,,0,
401907627,2026,8,,,0,
401907632,2026,8,,,0,
401907682,2026,8,,,0,
401907713,2026,8,,,0,
401907742,2026,8,,,0,
401907884,2026,8,,,0,
401908054,2026,8,,,0,
401908108,2026,8,,,0,
401908115,2026,8,,,0,
401908168,2026,8,,,0,
401908176,2026,8,,,0,
401908186,2026,8,,,0,
401908265,2026,8,,,0,
401908343,2026,8,,,0,
401908402,2026,8,,,0,
401908504,2026,8,,,0,
401908516,2026,8,,,0,
401908534,2026,8,,,0,
401873409,2026,8,,,0,
401908590,2026,8,,,0,
401908613,2026,8,,,0,
401908680,2026,8,,,0,
401908688,2026,8,,,0,
401908693,2026,8,,,0,
401908695,2026,8,,,0,
401908709,2026,8,,,0,
401908735,2026,8,,,0,
401908829,2026,8,,,0,
401908857,2026,8,,,0,
401908883,2026,8,,,0,
401908974,2026,8,,,0,
401868944,2026,8,,,0,
401868214,2026,8,,,0,
401868013,2026,8,,,0,
401867994,2026,8,,,0,
401866671,2026,8,,,0,
401909143,2026,8,,,0,
401909121,2026,8,,,0,
401909071,2026,8,,,0,
401909068,2026,8,,,0,
401906137,2026,8,,,0,
401906149,2026,8,,,0,
401906916,2026,8,,,0,
401868278,2026,8,,,0,
401908383,2026,8,,,0,
401906123,2026,8,,,0,
401907542,2026,8,,,0,
401908221,2026,8,,,0,
401908658,2026,8,,,0,
401908673,2026,8,,,0,
401867975,2026,8,,,0,
401908261,2026,8,,,0,
401908793,2026,8,,,0,
401908838,2026,8,,,0,
401908212,2026,8,,,0,
401907611,2026,8,,,0,
401868348,2026,8,,,0,
401867822,2026,8,,,0,
401908923,2026,8,,,0,
401873234,2026,8,,,0,
401908870,2026,8,,,0,
401906926,2026,8,,,0,
401906907,2026,8,,,0,
401907224,2026,8,,,0,
401906645,2026,8,,,0,
401906637,2026,8,,,0,
401906522,2026,8,,,0,
401906174,2026,8,,,0,
401906131,2026,8,,,0,
401906055,2026,8,,,0,
401907141,2026,8,,,0,
401907147,2026,8,,,0,
401868271,2026,8,,,0,
401907248,2026,8,,,0,
401868003,2026,8,,,0,
401867921,2026,8,,,0,
401867892,2026,8,,,0,
401867879,2026,8,,,0,
401866673,2026,8,,,0,
401873399,2026,8,,,0,
401866672,2026,8,,,0,
401907126,2026,8,,,0,
401907105,2026,8,,,0,
401906961,2026,8,,,0,
401907368,2026,8,,,0,
401908863,2026,8,,,0,
401908850,2026,8,,,0,
401908807,2026,8,,,0,
401908770,2026,8,,,0,
401908763,2026,8,,,0,
401908753,2026,8,,,0,
401908729,2026,8,,,0,
401908628,2026,8,,,0,
401908552,2026,8,,,0,
401908495,2026,8,,,0,
401908391,2026,8,,,0,
401908336,2026,8,,,0,
401908322,2026,8,,,0,
401908302,2026,8,,,0,
401908288,2026,8,,,0,
401908255,2026,8,,,0,
401908246,2026,8,,,0,
401908239,2026,8,,,0,
401908012,2026,8,,,0,
401868238,2026,8,,,0,
401868377,2026,8,,,0,
401908000,2026,8,,,0,
401907384,2026,8,,,0,
401907500,2026,8,,,0,
401908813,2026,8,,,0,
401868392,2026,8,,,0,
401907959,2026,8,,,0,
401907891,2026,8,,,0,
401907828,2026,8,,,0,
401907823,2026,8,,,0,
401907816,2026,8,,,0,
401907785,2026,8,,,0,
401907764,2026,8,,,0,
401907735,2026,8,,,0,
401907639,2026,8,,,0,
401907649,2026,8,,,0,
401907688,2026,8,,,0,
401907710,2026,8,,,0,
401908978,2026,8,,,0,
401908913,2026,8,,,0,
401908879,2026,8,,,0,
401908996,2026,8,,,0,
401908969,2026,8,,,0,
401907719,2026,8,,,0,
401868341,2026,8,,,0,
401907242,2026,8,,,0,
401868937,2026,8,,,0,
401906182,2026,8,,,0,
401906191,2026,8,,,0,
401906209,2026,8,,,0,
401906532,2026,8,,,0,
401906569,2026,8,,,0,
401906954,2026,8,,,0,
401907116,2026,8,,,0,
401907351,2026,8,,,0,
401907373,2026,8,,,0,
401907608,2026,8,,,0,
401907858,2026,8,,,0,
401908073,2026,8,,,0,
401908152,2026,8,,,0,
401908989,2026,8,,,0,
401868972,2026,8,,,0,
401867689,2026,8,,,0,
401867842,2026,8,,,0,
401867850,2026,8,,,0,
401867871,2026,8,,,0,
401868121,2026,8,,,0,
401868146,2026,8,,,0,
401868182,2026,8,,,0,
401869133,2026,8,,,0,
401867962,2026,8,,,0,
401862810,2026,8,,,0,
401906573,2026,8,,,0,
401868019,2026,8,,,0,
401868035,2026,8,,,0,
401868174,2026,8,,,0,
401908584,2026,8,,,0,
401908425,2026,8,,,0,
401908420,2026,8,,,0,
401908408,2026,8,,,0,
401907532,2026,8,,,0,
401906563,2026,8,,,0,
401906541,2026,8,,,0,
401868201,2026,8,,,0,
401909131,2026,8,,,0,
401869145,2026,8,,,0,
401907290,2026,8,,,0,
401868097,2026,8,,,0,
401869138,2026,8,,,0,
401864528,2026,8,,,0,
401908546,2026,8,,,0,
401907523,2026,8,,,0,
401906599,2026,8,,,0,
401868080,2026,8,,,0,
401868135,2026,8,,,0,
401868106,2026,8,,,0,
401908082,2026,8,,,0,
401907459,2026,8,,,0,
401868311,2026,8,,,0,
401860907,2026,8,,,0,
401860905,2026,8,,,0,
401869935,2026,8,,,0,
401868969,2026,8,,,0,
401868132,2026,8,,,0,
401868067,2026,8,,,0,
401907302,2026,8,,,0,
401907320,2026,8,,,0,
401908439,2026,8,,,0,
401907281,2026,8,,,0,
401860906,2026,8,,,0,
401908801,2026,8,,,0,
401907342,2026,8,,,0,
401908466,2026,8,,,0,
401907319,2026,8,,,0,
401908446,2026,8,,,0,
401908462,2026,8,,,0,
401864527,2026,8,,,0,
401871071,2026,9,,,0,
401871072,2026,9,,,0,
401871058,2026,9,,,0,
401871057,2026,9,,,0,
401906977,2026,9,,,0,
401867969,2026,9,,,0,
401869963,2026,9,,,0,
401862812,2026,9,,,0,
401862813,2026,9,,,0,
401867838,2026,9,,,0,
401906138,2026,9,,,0,
401856844,2026,9,,,0,
401908398,2026,9,,,0,
401866451,2026,9,,,0,
401869846,2026,9,,,0,
401906533,2026,9,,,0,
401871097,2026,9,,,0,
401858509,2026,9,,,0,
401858284,2026,9,,,0,
401871095,2026,9,,,0,
401864529,2026,9,,,0,
401862815,2026,9,,,0,
401862814,2026,9,,,0,
401858508,2026,9,,,0,
401858503,2026,9,,,0,
401858283,2026,9,,,0,
401858280,2026,9,,,0,
401856847,2026,9,,,0,
401856842,2026,9,,,0,
401856733,2026,9,,,0,
401858278,2026,9,,,0,
401858279,2026,9,,,0,
401858281,2026,9,,,0,
401869944,2026,9,,,0,
401858282,2026,9,,,0,
401858501,2026,9,,,0,
401858502,2026,9,,,0,
401858504,2026,9,,,0,
401856845,2026,9,,,0,
401860924,2026,9,,,0,
401858277,2026,9,,,0,
401856736,2026,9,,,0,
401858507,2026,9,,,0,
401858506,2026,9,,,0,
401862816,2026,9,,,0,
401856843,2026,9,,,0,
401867690,2026,9,,,0,
401856737,2026,9,,,0,
401856846,2026,9,,,0,
401856848,2026,9,,,0,
401871096,2026,9,,,0,
401867903,2026,9,,,0,
401867887,2026,9,,,0,
401858505,2026,9,,,0,
401856735,2026,9,,,0,
401866677,2026,9,,,0,
401866676,2026,9,,,0,
401866675,2026,9,,,0,
401867932,2026,9,,,0,
401859185,2026,9,,,0,
401908597,2026,9,,,0,
401908535,2026,9,,,0,
401908522,2026,9,,,0,
401908489,2026,9,,,0,
401908482,2026,9,,,0,
401908177,2026,9,,,0,
401907533,2026,9,,,0,
401907509,2026,9,,,0,
401907490,2026,9,,,0,
401906887,2026,9,,,0,
401906843,2026,9,,,0,
401906646,2026,9,,,0,
401906638,2026,9,,,0,
401906628,2026,9,,,0,
401908169,2026,9,,,0,
401906609,2026,9,,,0,
401906192,2026,9,,,0,
401908074,2026,9,,,0,
401907869,2026,9,,,0,
401867809,2026,9,,,0,
401867823,2026,9,,,0,
401867880,2026,9,,,0,
401867926,2026,9,,,0,
401867995,2026,9,,,0,
401869154,2026,9,,,0,
401907550,2026,9,,,0,
401907557,2026,9,,,0,
401867831,2026,9,,,0,
401908975,2026,9,,,0,
401908573,2026,9,,,0,
401908964,2026,9,,,0,
401866452,2026,9,,,0,
401908958,2026,9,,,0,
401908884,2026,9,,,0,
401908696,2026,9,,,0,
401908694,2026,9,,,0,
401908667,2026,9,,,0,
401908636,2026,9,,,0,
401908629,2026,9,,,0,
401908601,2026,9,,,0,
401908041,2026,9,,,0,
401868030,2026,9,,,0,
401908344,2026,9,,,0,
401908754,2026,9,,,0,
401908742,2026,9,,,0,
401908710,2026,9,,,0,
401908681,2026,9,,,0,
401908648,2026,9,,,0,
401868258,2026,9,,,0,
401908614,2026,9,,,0,
401908512,2026,9,,,0,
401908314,2026,9,,,0,
401866678,2026,9,,,0,
401868215,2026,9,,,0,
401908357,2026,9,,,0,
401868231,2026,9,,,0,
401908505,2026,9,,,0,
401907859,2026,9,,,0,
401907947,2026,9,,,0,
401907969,2026,9,,,0,
401908055,2026,9,,,0,
401908187,2026,9,,,0,
401908266,2026,9,,,0,
401908310,2026,9,,,0,
401907409,2026,9,,,0,
401907424,2026,9,,,0,
401907481,2026,9,,,0,
401907514,2026,9,,,0,
401907585,2026,9,,,0,
401907593,2026,9,,,0,
401908349,2026,9,,,0,
401907600,2026,9,,,0,
401907612,2026,9,,,0,
401907628,2026,9,,,0,
401907650,2026,9,,,0,
401907720,2026,9,,,0,
401907743,2026,9,,,0,
401907752,2026,9,,,0,
401907755,2026,9,,,0,
401907829,2026,9,,,0,
401868004,2026,9,,,0,
401873235,2026,9,,,0,
401909145,2026,9,,,0,
401909138,2026,9,,,0,
401909055,2026,9,,,0,
401909031,2026,9,,,0,
401909011,2026,9,,,0,
401908990,2026,9,,,0,
401908982,2026,9,,,0,
401908970,2026,9,,,0,
401908936,2026,9,,,0,
401908916,2026,9,,,0,
401908871,2026,9,,,0,
401908830,2026,9,,,0,
401908756,2026,9,,,0,
401908746,2026,9,,,0,
401907374,2026,9,,,0,
401907210,2026,9,,,0,
401907011,2026,9,,,0,
401906955,2026,9,,,0,
401906681,2026,9,,,0,
401906615,2026,9,,,0,
401906175,2026,9,,,0,
401906143,2026,9,,,0,
401906132,2026,9,,,0,
401906124,2026,9,,,0,
401906056,2026,9,,,0,
401866679,2026,9,,,0,
401866680,2026,9,,,0,
401873410,2026,9,,,0,
401868026,2026,9,,,0,
401868342,2026,9,,,0,
401907543,2026,9,,,0,
401908839,2026,9,,,0,
401908659,2026,9,,,0,
401908911,2026,9,,,0,
401908222,2026,9,,,0,
401908213,2026,9,,,0,
401908229,2026,9,,,0,
401873400,2026,9,,,0,
401867851,2026,9,,,0,
401867956,2026,9,,,0,
401906165,2026,9,,,0,
401906183,2026,9,,,0,
401906558,2026,9,,,0,
401906564,2026,9,,,0,
401906600,2026,9,,,0,
401906908,2026,9,,,0,
401906927,2026,9,,,0,
401906941,2026,9,,,0,
401907106,2026,9,,,0,
401907201,2026,9,,,0,
401907217,2026,9,,,0,
401907225,2026,9,,,0,
401907328,2026,9,,,0,
401907343,2026,9,,,0,
401907352,2026,9,,,0,
401907434,2026,9,,,0,
401907472,2026,9,,,0,
401907501,2026,9,,,0,
401907640,2026,9,,,0,
401907672,2026,9,,,0,
401907714,2026,9,,,0,
401907722,2026,9,,,0,
401907765,2026,9,,,0,
401907786,2026,9,,,0,
401907817,2026,9,,,0,
401907824,2026,9,,,0,
401907982,2026,9,,,0,
401908090,2026,9,,,0,
401908116,2026,9,,,0,
401908147,2026,9,,,0,
401908153,2026,9,,,0,
401908262,2026,9,,,0,
401908282,2026,9,,,0,
401908289,2026,9,,,0,
401908392,2026,9,,,0,
401908414,2026,9,,,0,
401908496,2026,9,,,0,
401908547,2026,9,,,0,
401908674,2026,9,,,0,
401908730,2026,9,,,0,
401908783,2026,9,,,0,
401908788,2026,9,,,0,
401908802,2026,9,,,0,
401908851,2026,9,,,0,
401908864,2026,9,,,0,
401908895,2026,9,,,0,
401908905,2026,9,,,0,
401908997,2026,9,,,0,
401909104,2026,9,,,0,
401909117,2026,9,,,0,
401867861,2026,9,,,0,
401867963,2026,9,,,0,
401868175,2026,9,,,0,
401868190,2026,9,,,0,
401868199,2026,9,,,0,
401868223,2026,9,,,0,
401868378,2026,9,,,0,
401907960,2026,9,,,0,
401908591,2026,9,,,0,
401907361,2026,9,,,0,
401907379,2026,9,,,0,
401907400,2026,9,,,0,
401868183,2026,9,,,0,
401868384,2026,9,,,0,
401868938,2026,9,,,0,
401868950,2026,9,,,0,
401869139,2026,9,,,0,
401861966,2026,9,,,0,
401868107,2026,9,,,0,
401868126,2026,9,,,0,
401868165,2026,9,,,0,
401907689,2026,9,,,0,
401907326,2026,9,,,0,
401906551,2026,9,,,0,
401907117,2026,9,,,0,
401907127,2026,9,,,0,
401907135,2026,9,,,0,
401907160,2026,9,,,0,
401908253,2026,9,,,0,
401909050,2026,9,,,0,
401908720,2026,9,,,0,
401908323,2026,9,,,0,
401906523,2026,9,,,0,
401906542,2026,9,,,0,
401868362,2026,9,,,0,
401915933,2026,9,,,0,
401868081,2026,9,,,0,
401868312,2026,9,,,0,
401856734,2026,9,,,0,
401907662,2026,9,,,0,
401871059,2026,9,,,0,
401864531,2026,9,,,0,
401860910,2026,9,,,0,
401868349,2026,9,,,0,
401868296,2026,9,,,0,
401868320,2026,9,,,0,
401868056,2026,9,,,0,
401868089,2026,9,,,0,
401868098,2026,9,,,0,
401868267,2026,9,,,0,
401907291,2026,9,,,0,
401908409,2026,9,,,0,
401908432,2026,9,,,0,
401908440,2026,9,,,0,
401908447,2026,9,,,0,
401909003,2026,9,,,0,
401869134,2026,9,,,0,
401868136,2026,9,,,0,
401906917,2026,9,,,0,
401907460,2026,9,,,0,
401907524,2026,9,,,0,
401909045,2026,9,,,0,
401908858,2026,9,,,0,
401909025,2026,9,,,0,
401908555,2026,9,,,0,
401907701,2026,9,,,0,
401908308,2026,9,,,0,
401908403,2026,9,,,0,
401860909,2026,9,,,0,
401868147,2026,9,,,0,
401906935,2026,9,,,0,
401907282,2026,9,,,0,
401868388,2026,9,,,0,
401868251,2026,9,,,0,
401907892,2026,9,,,0,
401907321,2026,9,,,0,
401907303,2026,9,,,0,
401868956,2026,9,,,0,
401908458,2026,9,,,0,
401860908,2026,9,,,0,
401908452,2026,9,,,0,
401864530,2026,9,,,0,
401866454,2026,10,,,0,
401866453,2026,10,,,0,
401866457,2026,10,,,0,
401866456,2026,10,,,0,
401866455,2026,10,,,0,
401867964,2026,10,,,0,
401862817,2026,10,,,0,
401869964,2026,10,,,0,
401858288,2026,10,,,0,
401862818,2026,10,,,0,
401858510,2026,10,,,0,
401864533,2026,10,,,0,
401856855,2026,10,,,0,
401908170,2026,10,,,0,
401856851,2026,10,,,0,
401856744,2026,10,,,0,
401858289,2026,10,,,0,
401864532,2026,10,,,0,
401858511,2026,10,,,0,
401856742,2026,10,,,0,
401858514,2026,10,,,0,
401858287,2026,10,,,0,
401858513,2026,10,,,0,
401858286,2026,10,,,0,
401858285,2026,10,,,0,
401856856,2026,10,,,0,
401856854,2026,10,,,0,
401856853,2026,10,,,0,
401856852,2026,10,,,0,
401856850,2026,10,,,0,
401856745,2026,10,,,0,
401856743,2026,10,,,0,
401856741,2026,10,,,0,
401856738,2026,10,,,0,
401858512,2026,10,,,0,
401858290,2026,10,,,0,
401869968,2026,10,,,0,
401856740,2026,10,,,0,
401856739,2026,10,,,0,
401856849,2026,10,,,0,
401862821,2026,10,,,0,
401867933,2026,10,,,0,
401864534,2026,10,,,0,
401871098,2026,10,,,0,
401858516,2026,10,,,0,
401869951,2026,10,,,0,
401869927,2026,10,,,0,
401862819,2026,10,,,0,
401862822,2026,10,,,0,
401869945,2026,10,,,0,
401858517,2026,10,,,0,
401858515,2026,10,,,0,
401907502,2026,10,,,0,
401908961,2026,10,,,0,
401908885,2026,10,,,0,
401908702,2026,10,,,0,
401908682,2026,10,,,0,
401908637,2026,10,,,0,
401908630,2026,10,,,0,
401908615,2026,10,,,0,
401908608,2026,10,,,0,
401908602,2026,10,,,0,
401908592,2026,10,,,0,
401908574,2026,10,,,0,
401908542,2026,10,,,0,
401908523,2026,10,,,0,
401908490,2026,10,,,0,
401908483,2026,10,,,0,
401908358,2026,10,,,0,
401908223,2026,10,,,0,
401908200,2026,10,,,0,
401908109,2026,10,,,0,
401908099,2026,10,,,0,
401907877,2026,10,,,0,
401907663,2026,10,,,0,
401907629,2026,10,,,0,
401907609,2026,10,,,0,
401907544,2026,10,,,0,
401907525,2026,10,,,0,
401907491,2026,10,,,0,
401907482,2026,10,,,0,
401906999,2026,10,,,0,
401906847,2026,10,,,0,
401906686,2026,10,,,0,
401906647,2026,10,,,0,
401906639,2026,10,,,0,
401867839,2026,10,,,0,
401867810,2026,10,,,0,
401867914,2026,10,,,0,
401866681,2026,10,,,0,
401866682,2026,10,,,0,
401867922,2026,10,,,0,
401867976,2026,10,,,0,
401868005,2026,10,,,0,
401868268,2026,10,,,0,
401858292,2026,10,,,0,
401868232,2026,10,,,0,
401906616,2026,10,,,0,
401906629,2026,10,,,0,
401868020,2026,10,,,0,
401908194,2026,10,,,0,
401908912,2026,10,,,0,
401908083,2026,10,,,0,
401908087,2026,10,,,0,
401908117,2026,10,,,0,
401908718,2026,10,,,0,
401868350,2026,10,,,0,
401868343,2026,10,,,0,
401868259,2026,10,,,0,
401868224,2026,10,,,0,
401868216,2026,10,,,0,
401867996,2026,10,,,0,
401867957,2026,10,,,0,
401866686,2026,10,,,0,
401867904,2026,10,,,0,
401908731,2026,10,,,0,
401908736,2026,10,,,0,
401908743,2026,10,,,0,
401908780,2026,10,,,0,
401908795,2026,10,,,0,
401908803,2026,10,,,0,
401908815,2026,10,,,0,
401908831,2026,10,,,0,
401908859,2026,10,,,0,
401908902,2026,10,,,0,
401908924,2026,10,,,0,
401908930,2026,10,,,0,
401908937,2026,10,,,0,
401908979,2026,10,,,0,
401908991,2026,10,,,0,
401909012,2026,10,,,0,
401909019,2026,10,,,0,
401909026,2026,10,,,0,
401909038,2026,10,,,0,
401909069,2026,10,,,0,
401909072,2026,10,,,0,
401909118,2026,10,,,0,
401909135,2026,10,,,0,
401909139,2026,10,,,0,
401907970,2026,10,,,0,
401908075,2026,10,,,0,
401866684,2026,10,,,0,
401907715,2026,10,,,0,
401907744,2026,10,,,0,
401907753,2026,10,,,0,
401907787,2026,10,,,0,
401907830,2026,10,,,0,
401907842,2026,10,,,0,
401873236,2026,10,,,0,
401907860,2026,10,,,0,
401908056,2026,10,,,0,
401908906,2026,10,,,0,
401866683,2026,10,,,0,
401906125,2026,10,,,0,
401906144,2026,10,,,0,
401906184,2026,10,,,0,
401906888,2026,10,,,0,
401906909,2026,10,,,0,
401906948,2026,10,,,0,
401907473,2026,10,,,0,
401907296,2026,10,,,0,
401907562,2026,10,,,0,
401907586,2026,10,,,0,
401907594,2026,10,,,0,
401907613,2026,10,,,0,
401907633,2026,10,,,0,
401907711,2026,10,,,0,
401908178,2026,10,,,0,
401868399,2026,10,,,0,
401868038,2026,10,,,0,
401868031,2026,10,,,0,
401867832,2026,10,,,0,
401908715,2026,10,,,0,
401908297,2026,10,,,0,
401908337,2026,10,,,0,
401908350,2026,10,,,0,
401908384,2026,10,,,0,
401908697,2026,10,,,0,
401867824,2026,10,,,0,
401873411,2026,10,,,0,
401868191,2026,10,,,0,
401907425,2026,10,,,0,
401908794,2026,10,,,0,
401906176,2026,10,,,0,
401908843,2026,10,,,0,
401906156,2026,10,,,0,
401908214,2026,10,,,0,
401908256,2026,10,,,0,
401908270,2026,10,,,0,
401908660,2026,10,,,0,
401908668,2026,10,,,0,
401908154,2026,10,,,0,
401868379,2026,10,,,0,
401867852,2026,10,,,0,
401908998,2026,10,,,0,
401906057,2026,10,,,0,
401906161,2026,10,,,0,
401906198,2026,10,,,0,
401906204,2026,10,,,0,
401906574,2026,10,,,0,
401906593,2026,10,,,0,
401906601,2026,10,,,0,
401906918,2026,10,,,0,
401906928,2026,10,,,0,
401906942,2026,10,,,0,
401907107,2026,10,,,0,
401907136,2026,10,,,0,
401907202,2026,10,,,0,
401907211,2026,10,,,0,
401907237,2026,10,,,0,
401907304,2026,10,,,0,
401907353,2026,10,,,0,
401907362,2026,10,,,0,
401907369,2026,10,,,0,
401907431,2026,10,,,0,
401907534,2026,10,,,0,
401907641,2026,10,,,0,
401907673,2026,10,,,0,
401907683,2026,10,,,0,
401907690,2026,10,,,0,
401907706,2026,10,,,0,
401907723,2026,10,,,0,
401907756,2026,10,,,0,
401907766,2026,10,,,0,
401907836,2026,10,,,0,
401907893,2026,10,,,0,
401907983,2026,10,,,0,
401908001,2026,10,,,0,
401908148,2026,10,,,0,
401872617,2026,10,,,0,
401908283,2026,10,,,0,
401908317,2026,10,,,0,
401908375,2026,10,,,0,
401908404,2026,10,,,0,
401908497,2026,10,,,0,
401908506,2026,10,,,0,
401908513,2026,10,,,0,
401908556,2026,10,,,0,
401908562,2026,10,,,0,
401908776,2026,10,,,0,
401908822,2026,10,,,0,
401908852,2026,10,,,0,
401908896,2026,10,,,0,
401909032,2026,10,,,0,
401866685,2026,10,,,0,
401909105,2026,10,,,0,
401873401,2026,10,,,0,
401868252,2026,10,,,0,
401868176,2026,10,,,0,
401867872,2026,10,,,0,
401907961,2026,10,,,0,
401868393,2026,10,,,0,
401907118,2026,10,,,0,
401869936,2026,10,,,0,
401868302,2026,10,,,0,
401868961,2026,10,,,0,
401907142,2026,10,,,0,
401906534,2026,10,,,0,
401906577,2026,10,,,0,
401868331,2026,10,,,0,
401906524,2026,10,,,0,
401907344,2026,10,,,0,
401906543,2026,10,,,0,
401909073,2026,10,,,0,
401908290,2026,10,,,0,
401908250,2026,10,,,0,
401907418,2026,10,,,0,
401907410,2026,10,,,0,
401907380,2026,10,,,0,
401907355,2026,10,,,0,
401868363,2026,10,,,0,
401868184,2026,10,,,0,
401868153,2026,10,,,0,
401868116,2026,10,,,0,
401868939,2026,10,,,0,
401871073,2026,10,,,0,
401868945,2026,10,,,0,
401862820,2026,10,,,0,
401907577,2026,10,,,0,
401907336,2026,10,,,0,
401871076,2026,10,,,0,
401868200,2026,10,,,0,
401907401,2026,10,,,0,
401908399,2026,10,,,0,
401908410,2026,10,,,0,
401908459,2026,10,,,0,
401871074,2026,10,,,0,
401907245,2026,10,,,0,
401906552,2026,10,,,0,
401868313,2026,10,,,0,
401869153,2026,10,,,0,
401907551,2026,10,,,0,
401907329,2026,10,,,0,
401907322,2026,10,,,0,
401907148,2026,10,,,0,
401908757,2026,10,,,0,
401869140,2026,10,,,0,
401868137,2026,10,,,0,
401868090,2026,10,,,0,
401868082,2026,10,,,0,
401868068,2026,10,,,0,
401870795,2026,10,,,0,
401860911,2026,10,,,0,
401868108,2026,10,,,0,
401867862,2026,10,,,0,
401908971,2026,10,,,0,
401868321,2026,10,,,0,
401907283,2026,10,,,0,
401868152,2026,10,,,0,
401868057,2026,10,,,0,
401871075,2026,10,,,0,
401868166,2026,10,,,0,
401862823,2026,10,,,0,
401858291,2026,10,,,0,
401907313,2026,10,,,0,
401908453,2026,10,,,0,
401860913,2026,10,,,0,
401908441,2026,10,,,0,
401908463,2026,10,,,0,
401860912,2026,10,,,0,
401864535,2026,10,,,0,
401866458,2026,11,,,0,
401866460,2026,11,,,0,
401866459,2026,11,,,0,
401866463,2026,11,,,0,
401866461,2026,11,,,0,
401866462,2026,11,,,0,
401862824,2026,11,,,0,
401869969,2026,11,,,0,
401908976,2026,11,,,0,
401858293,2026,11,,,0,
401908345,2026,11,,,0,
401908984,2026,11,,,0,
401858526,2026,11,,,0,
401868157,2026,11,,,0,
401856860,2026,11,,,0,
401856888,2026,11,,,0,
401858524,2026,11,,,0,
401869928,2026,11,,,0,
401858522,2026,11,,,0,
401858518,2026,11,,,0,
401873412,2026,11,,,0,
401856862,2026,11,,,0,
401869937,2026,11,,,0,
401867905,2026,11,,,0,
401871099,2026,11,,,0,
401856887,2026,11,,,0,
401858300,2026,11,,,0,
401858523,2026,11,,,0,
401858299,2026,11,,,0,
401858298,2026,11,,,0,
401858297,2026,11,,,0,
401858296,2026,11,,,0,
401858295,2026,11,,,0,
401856886,2026,11,,,0,
401856863,2026,11,,,0,
401856861,2026,11,,,0,
401856884,2026,11,,,0,
401856883,2026,11,,,0,
401856857,2026,11,,,0,
401856859,2026,11,,,0,
401856882,2026,11,,,0,
401862827,2026,11,,,0,
401864536,2026,11,,,0,
401858521,2026,11,,,0,
401856889,2026,11,,,0,
401871100,2026,11,,,0,
401856858,2026,11,,,0,
401856864,2026,11,,,0,
401862829,2026,11,,,0,
401856885,2026,11,,,0,
401908938,2026,11,,,0,
401862825,2026,11,,,0,
401864540,2026,11,,,0,
401858519,2026,11,,,0,
401862828,2026,11,,,0,
401862826,2026,11,,,0,
401858525,2026,11,,,0,
401858520,2026,11,,,0,
401869952,2026,11,,,0,
401858301,2026,11,,,0,
401908524,2026,11,,,0,
401906630,2026,11,,,0,
401906640,2026,11,,,0,
401906648,2026,11,,,0,
401906675,2026,11,,,0,
401906889,2026,11,,,0,
401907006,2026,11,,,0,
401907492,2026,11,,,0,
401907503,2026,11,,,0,
401907535,2026,11,,,0,
401907545,2026,11,,,0,
401907552,2026,11,,,0,
401907558,2026,11,,,0,
401907587,2026,11,,,0,
401907618,2026,11,,,0,
401907664,2026,11,,,0,
401907754,2026,11,,,0,
401907878,2026,11,,,0,
401907971,2026,11,,,0,
401908084,2026,11,,,0,
401908110,2026,11,,,0,
401908195,2026,11,,,0,
401908385,2026,11,,,0,
401908484,2026,11,,,0,
401908536,2026,11,,,0,
401908575,2026,11,,,0,
401908585,2026,11,,,0,
401908598,2026,11,,,0,
401908605,2026,11,,,0,
401908616,2026,11,,,0,
401908631,2026,11,,,0,
401908643,2026,11,,,0,
401908649,2026,11,,,0,
401908689,2026,11,,,0,
401908711,2026,11,,,0,
401908832,2026,11,,,0,
401908860,2026,11,,,0,
401908890,2026,11,,,0,
401908920,2026,11,,,0,
401908931,2026,11,,,0,
401908959,2026,11,,,0,
401868217,2026,11,,,0,
401868027,2026,11,,,0,
401868014,2026,11,,,0,
401867923,2026,11,,,0,
401867853,2026,11,,,0,
401867811,2026,11,,,0,
401866693,2026,11,,,0,
401866689,2026,11,,,0,
401866688,2026,11,,,0,
401866687,2026,11,,,0,
401870842,2026,11,,,0,
401868395,2026,11,,,0,
401868272,2026,11,,,0,
401867970,2026,11,,,0,
401867934,2026,11,,,0,
401861967,2026,11,,,0,
401869155,2026,11,,,0,
401868225,2026,11,,,0,
401908917,2026,11,,,0,
401908683,2026,11,,,0,
401908698,2026,11,,,0,
401908721,2026,11,,,0,
401908737,2026,11,,,0,
401908747,2026,11,,,0,
401908758,2026,11,,,0,
401908784,2026,11,,,0,
401908796,2026,11,,,0,
401908804,2026,11,,,0,
401908865,2026,11,,,0,
401908872,2026,11,,,0,
401908972,2026,11,,,0,
401907455,2026,11,,,0,
401907483,2026,11,,,0,
401907510,2026,11,,,0,
401907515,2026,11,,,0,
401907575,2026,11,,,0,
401868286,2026,11,,,0,
401868344,2026,11,,,0,
401867958,2026,11,,,0,
401908507,2026,11,,,0,
401908566,2026,11,,,0,
401906570,2026,11,,,0,
401906594,2026,11,,,0,
401906617,2026,11,,,0,
401906910,2026,11,,,0,
401906936,2026,11,,,0,
401907203,2026,11,,,0,
401907345,2026,11,,,0,
401907375,2026,11,,,0,
401907402,2026,11,,,0,
401907426,2026,11,,,0,
401907595,2026,11,,,0,
401907601,2026,11,,,0,
401907614,2026,11,,,0,
401907630,2026,11,,,0,
401907651,2026,11,,,0,
401908886,2026,11,,,0,
401907684,2026,11,,,0,
401907726,2026,11,,,0,
401907745,2026,11,,,0,
401907788,2026,11,,,0,
401907825,2026,11,,,0,
401907831,2026,11,,,0,
401907837,2026,11,,,0,
401907861,2026,11,,,0,
401907870,2026,11,,,0,
401907885,2026,11,,,0,
401908057,2026,11,,,0,
401908171,2026,11,,,0,
401908179,2026,11,,,0,
401908188,2026,11,,,0,
401908205,2026,11,,,0,
401908338,2026,11,,,0,
401908351,2026,11,,,0,
401908498,2026,11,,,0,
401866690,2026,11,,,0,
401867843,2026,11,,,0,
401866691,2026,11,,,0,
401867833,2026,11,,,0,
401867863,2026,11,,,0,
401867997,2026,11,,,0,
401868006,2026,11,,,0,
401868946,2026,11,,,0,
401909004,2026,11,,,0,
401909009,2026,11,,,0,
401909033,2026,11,,,0,
401909039,2026,11,,,0,
401909046,2026,11,,,0,
401909051,2026,11,,,0,
401909070,2026,11,,,0,
401909106,2026,11,,,0,
401909140,2026,11,,,0,
401915931,2026,11,,,0,
401909136,2026,11,,,0,
401908840,2026,11,,,0,
401908271,2026,11,,,0,
401867981,2026,11,,,0,
401908230,2026,11,,,0,
401908224,2026,11,,,0,
401908215,2026,11,,,0,
401908661,2026,11,,,0,
401908675,2026,11,,,0,
401908669,2026,11,,,0,
401868351,2026,11,,,0,
401907984,2026,11,,,0,
401866692,2026,11,,,0,
401867888,2026,11,,,0,
401867893,2026,11,,,0,
401868036,2026,11,,,0,
401868058,2026,11,,,0,
401868122,2026,11,,,0,
401868138,2026,11,,,0,
401868177,2026,11,,,0,
401868192,2026,11,,,0,
401868233,2026,11,,,0,
401868260,2026,11,,,0,
401869135,2026,11,,,0,
401909017,2026,11,,,0,
401908992,2026,11,,,0,
401908880,2026,11,,,0,
401908853,2026,11,,,0,
401908823,2026,11,,,0,
401908777,2026,11,,,0,
401908764,2026,11,,,0,
401908527,2026,11,,,0,
401908324,2026,11,,,0,
401908303,2026,11,,,0,
401908284,2026,11,,,0,
401908240,2026,11,,,0,
401908235,2026,11,,,0,
401908013,2026,11,,,0,
401907894,2026,11,,,0,
401907767,2026,11,,,0,
401907732,2026,11,,,0,
401907716,2026,11,,,0,
401907674,2026,11,,,0,
401907642,2026,11,,,0,
401907568,2026,11,,,0,
401907474,2026,11,,,0,
401907419,2026,11,,,0,
401907363,2026,11,,,0,
401907354,2026,11,,,0,
401907284,2026,11,,,0,
401907238,2026,11,,,0,
401907212,2026,11,,,0,
401907143,2026,11,,,0,
401906687,2026,11,,,0,
401906559,2026,11,,,0,
401908376,2026,11,,,0,
401873402,2026,11,,,0,
401870769,2026,11,,,0,
401868385,2026,11,,,0,
401907386,2026,11,,,0,
401870796,2026,11,,,0,
401871060,2026,11,,,0,
401907962,2026,11,,,0,
401907695,2026,11,,,0,
401907323,2026,11,,,0,
401907314,2026,11,,,0,
401907149,2026,11,,,0,
401907128,2026,11,,,0,
401907119,2026,11,,,0,
401906604,2026,11,,,0,
401906544,2026,11,,,0,
401906535,2026,11,,,0,
401868951,2026,11,,,0,
401869148,2026,11,,,0,
401906525,2026,11,,,0,
401868202,2026,11,,,0,
401868239,2026,11,,,0,
401868303,2026,11,,,0,
401868332,2026,11,,,0,
401868364,2026,11,,,0,
401868940,2026,11,,,0,
401908149,2026,11,,,0,
401873237,2026,11,,,0,
401908405,2026,11,,,0,
401868185,2026,11,,,0,
401868389,2026,11,,,0,
401870752,2026,11,,,0,
401858294,2026,11,,,0,
401871061,2026,11,,,0,
401868099,2026,11,,,0,
401869146,2026,11,,,0,
401868091,2026,11,,,0,
401907218,2026,11,,,0,
401908330,2026,11,,,0,
401908400,2026,11,,,0,
401908411,2026,11,,,0,
401908421,2026,11,,,0,
401907108,2026,11,,,0,
401906565,2026,11,,,0,
401860916,2026,11,,,0,
401868127,2026,11,,,0,
401907292,2026,11,,,0,
401907411,2026,11,,,0,
401908100,2026,11,,,0,
401868293,2026,11,,,0,
401860914,2026,11,,,0,
401864538,2026,11,,,0,
401868322,2026,11,,,0,
401908907,2026,11,,,0,
401864539,2026,11,,,0,
401907333,2026,11,,,0,
401860915,2026,11,,,0,
401868109,2026,11,,,0,
401860917,2026,11,,,0,
401864537,2026,11,,,0,
401866466,2026,12,,,0,
401866464,2026,12,,,0,
401866465,2026,12,,,0,
401866467,2026,12,,,0,
401866469,2026,12,,,0,
401868323,2026,12,,,0,
401868314,2026,12,,,0,
401862830,2026,12,,,0,
401856869,2026,12,,,0,
401866468,2026,12,,,0,
401858303,2026,12,,,0,
401864545,2026,12,,,0,
401858529,2026,12,,,0,
401858533,2026,12,,,0,
401862835,2026,12,,,0,
401862832,2026,12,,,0,
401858535,2026,12,,,0,
401858530,2026,12,,,0,
401858310,2026,12,,,0,
401858304,2026,12,,,0,
401856754,2026,12,,,0,
401856751,2026,12,,,0,
401856748,2026,12,,,0,
401858309,2026,12,,,0,
401858528,2026,12,,,0,
401858531,2026,12,,,0,
401858532,2026,12,,,0,
401862836,2026,12,,,0,
401869946,2026,12,,,0,
401869958,2026,12,,,0,
401858534,2026,12,,,0,
401856755,2026,12,,,0,
401856753,2026,12,,,0,
401858527,2026,12,,,0,
401858308,2026,12,,,0,
401858305,2026,12,,,0,
401856752,2026,12,,,0,
401856872,2026,12,,,0,
401862833,2026,12,,,0,
401864541,2026,12,,,0,
401858302,2026,12,,,0,
401869938,2026,12,,,0,
401856870,2026,12,,,0,
401871101,2026,12,,,0,
401869953,2026,12,,,0,
401869929,2026,12,,,0,
401856865,2026,12,,,0,
401856866,2026,12,,,0,
401856867,2026,12,,,0,
401856868,2026,12,,,0,
401856871,2026,12,,,0,
401858306,2026,12,,,0,
401867825,2026,12,,,0,
401866700,2026,12,,,0,
401868380,2026,12,,,0,
401872643,2026,12,,,0,
401866694,2026,12,,,0,
401867915,2026,12,,,0,
401867906,2026,12,,,0,
401872619,2026,12,,,0,
401866695,2026,12,,,0,
401862831,2026,12,,,0,
401867927,2026,12,,,0,
401856749,2026,12,,,0,
401862834,2026,12,,,0,
401867965,2026,12,,,0,
401868015,2026,12,,,0,
401868039,2026,12,,,0,
401868032,2026,12,,,0,
401871080,2026,12,,,0,
401868396,2026,12,,,0,
401868253,2026,12,,,0,
401868226,2026,12,,,0,
401868218,2026,12,,,0,
401868178,2026,12,,,0,
401868021,2026,12,,,0,
401867998,2026,12,,,0,
401867854,2026,12,,,0,
401866699,2026,12,,,0,
401866698,2026,12,,,0,
401866697,2026,12,,,0,
401866696,2026,12,,,0,
401856750,2026,12,,,0,
401867812,2026,12,,,0,
401868193,2026,12,,,0,
401867959,2026,12,,,0,
401856746,2026,12,,,0,
401868117,2026,12,,,0,
401868283,2026,12,,,0,
401867971,2026,12,,,0,
401871081,2026,12,,,0,
401868244,2026,12,,,0,
401868203,2026,12,,,0,
401867873,2026,12,,,0,
401871079,2026,12,,,0,
401867881,2026,12,,,0,
401868059,2026,12,,,0,
401891330,2026,12,,,0,
401868167,2026,12,,,0,
401871078,2026,12,,,0,
401867864,2026,12,,,0,
401871077,2026,12,,,0,
401868208,2026,12,,,0,
401868304,2026,12,,,0,
401868352,2026,12,,,0,
401868353,2026,12,,,0,
401868365,2026,12,,,0,
401867844,2026,12,,,0,
401868947,2026,12,,,0,
401861968,2026,12,,,0,
401856747,2026,12,,,0,
401864543,2026,12,,,0,
401868234,2026,12,,,0,
401868128,2026,12,,,0,
401868092,2026,12,,,0,
401868083,2026,12,,,0,
401868941,2026,12,,,0,
401869149,2026,12,,,0,
401868294,2026,12,,,0,
401868069,2026,12,,,0,
401868100,2026,12,,,0,
401860920,2026,12,,,0,
401864544,2026,12,,,0,
401869141,2026,12,,,0,
401858307,2026,12,,,0,
401860918,2026,12,,,0,
401868287,2026,12,,,0,
401864542,2026,12,,,0,
401860925,2026,12,,,0,
401860919,2026,12,,,0,
401866471,2026,13,,,0,
401908999,2026,13,,,0,
401866470,2026,13,,,0,
401868354,2026,13,,,0,
401856879,2026,13,,,0,
401862837,2026,13,,,0,
401862839,2026,13,,,0,
401862838,2026,13,,,0,
401866473,2026,13,,,0,
401866472,2026,13,,,0,
401856762,2026,13,,,0,
401858536,2026,13,,,0,
401869930,2026,13,,,0,
401856759,2026,13,,,0,
401864549,2026,13,,,0,
401858544,2026,13,,,0,
401856756,2026,13,,,0,
401856880,2026,13,,,0,
401856873,2026,13,,,0,
401858543,2026,13,,,0,
401869947,2026,13,,,0,
401862841,2026,13,,,0,
401862842,2026,13,,,0,
401862840,2026,13,,,0,
401856763,2026,13,,,0,
401856757,2026,13,,,0,
401858311,2026,13,,,0,
401856765,2026,13,,,0,
401856761,2026,13,,,0,
401858312,2026,13,,,0,
401858313,2026,13,,,0,
401856876,2026,13,,,0,
401871102,2026,13,,,0,
401858541,2026,13,,,0,
401869959,2026,13,,,0,
401862843,2026,13,,,0,
401858314,2026,13,,,0,
401858315,2026,13,,,0,
401858539,2026,13,,,0,
401856874,2026,13,,,0,
401864550,2026,13,,,0,
401858537,2026,13,,,0,
401856877,2026,13,,,0,
401871103,2026,13,,,0,
401869954,2026,13,,,0,
401858542,2026,13,,,0,
401858538,2026,13,,,0,
401858317,2026,13,,,0,
401858316,2026,13,,,0,
401856758,2026,13,,,0,
401856764,2026,13,,,0,
401856875,2026,13,,,0,
401856878,2026,13,,,0,
401861969,2026,13,,,0,
401856760,2026,13,,,0,
401866475,2026,13,,,0,
401858540,2026,13,,,0,
401866474,2026,13,,,0,
401870804,2026,13,,,0,
401868957,2026,13,,,0,
401871063,2026,13,,,0,
401871082,2026,13,,,0,
401871083,2026,13,,,0,
401869939,2026,13,,,0,
401871062,2026,13,,,0,
401864546,2026,13,,,0,
401864548,2026,13,,,0,
401864547,2026,13,,,0,
401862844,2026,15,,,0,
