year,week,team,yards,turnovers,ypp,ppm,pen_yds,pts_scored,pts_allowed,roll_yards,roll_turnovers,roll_ypp,roll_ppm,roll_pen_yds,roll_pts_scored,roll_pts_allowed,opp_def_strength
2025,15,Abilene Christian,419.0,1.0,6.161764705882353,1.0,50.0,34,41,434.6666666666667,0.6666666666666666,6.0354459226410455,0.9742426072601565,28.666666666666668,34.666666666666664,19.333333333333332,19.333333333333332
2025,2,Adrian,283.0,1.0,4.492063492063492,0.3287671232876712,35.0,10,7,,,,,,,,
2025,14,Air Force,420.0,0.0,5.915492957746479,1.0298324478953822,0.0,42,21,273.0,0.6666666666666666,4.00840671684899,0.42654378512456437,23.666666666666668,15.0,20.666666666666668,20.666666666666668
2025,13,Akron,319.0,3.0,4.907692307692308,0.7364341085271318,40.0,19,16,440.6666666666667,2.0,5.63288307392171,0.9816403744118031,50.666666666666664,34.333333333333336,22.666666666666668,22.666666666666668
2025,15,Alabama,209.0,1.0,3.8,0.3025936599423631,5.0,7,28,408.3333333333333,1.6666666666666667,5.35724486060536,0.9533870637209882,47.0,34.666666666666664,14.333333333333334,14.333333333333334
2025,13,Alabama A&M,311.0,1.0,5.456140350877193,0.28,20.0,7,24,279.6666666666667,1.3333333333333333,4.315208825847123,0.3906865254736617,54.0,12.666666666666666,29.0,29.0
2025,14,Alabama State,598.0,2.0,9.34375,1.886178861788618,68.0,58,21,380.3333333333333,0.3333333333333333,7.99737221842485,1.7270585608952558,34.0,39.0,21.666666666666668,21.666666666666668
2025,3,Albany State GA,321.0,1.0,5.631578947368421,0.9986684420772303,42.0,25,33,,,,,,,,
2025,13,Alcorn State,390.0,1.0,5.82089552238806,0.7187678265830006,85.0,21,27,380.6666666666667,1.0,5.296507936507937,0.9946109983455744,56.666666666666664,31.666666666666668,15.666666666666666,15.666666666666666
2025,1,Allen,416.0,0.0,5.621621621621622,0.9935897435897436,0.0,31,38,,,,,,,,
2025,2,American International,200.0,1.0,3.508771929824561,0.2073050345508391,48.0,7,34,,,,,,,,
2025,14,App State,453.0,1.0,6.04,0.9836065573770492,28.0,29,30,282.3333333333333,0.6666666666666666,4.164597564597565,0.7557729427205458,57.333333333333336,19.666666666666668,35.666666666666664,35.666666666666664
2025,14,Arizona,374.0,1.0,4.202247191011236,0.5747605164514785,30.0,23,7,384.3333333333333,0.3333333333333333,5.935616438356164,1.1015849547451877,53.666666666666664,31.666666666666668,20.333333333333332,20.333333333333332
2025,14,Arizona State,214.0,5.0,4.115384615384615,0.3502919099249374,35.0,7,23,459.0,2.6666666666666665,6.588605263421324,0.9279008241050711,68.33333333333333,30.333333333333332,19.666666666666668,19.666666666666668
2025,14,Arkansas,246.0,0.0,4.472727272727273,0.6551059730250481,121.0,17,31,428.3333333333333,1.6666666666666667,6.1065576398909736,0.989817198565944,104.33333333333333,31.333333333333332,37.666666666666664,37.666666666666664
2025,14,Arkansas State,448.0,3.0,5.530864197530864,0.9830693610049154,40.0,30,29,382.3333333333333,3.3333333333333335,5.02766131409068,0.8855686743197757,28.333333333333332,24.666666666666668,23.666666666666668,23.666666666666668
2025,13,Arkansas-Pine Bluff,312.0,0.0,4.656716417910448,0.3684459140292867,25.0,13,44,360.6666666666667,0.6666666666666666,5.58967289853824,0.829961246570473,72.33333333333333,25.666666666666668,36.0,36.0
2025,14,Army,303.0,0.0,4.967213114754099,0.8152994464016105,0.0,27,24,285.3333333333333,0.3333333333333333,4.678485711819046,0.6219207358991153,30.333333333333332,19.666666666666668,18.666666666666668,18.666666666666668
2022,2,Assumption,239.0,3.0,3.6769230769230767,0.5340314136125655,42.0,17,45,,,,,,,,
2025,14,Auburn,411.0,2.0,5.48,0.7838014369693012,84.0,20,27,450.3333333333333,0.6666666666666666,6.676025666192275,1.3839654414059723,52.333333333333336,34.333333333333336,24.0,24.0
2024,3,Augustana University (SD),171.0,1.0,3.0,0.10613207547169812,40.0,3,24,,,,,,,,
2025,13,Austin Peay,570.0,1.0,7.702702702702703,1.3664596273291925,15.0,44,45,385.0,2.0,5.7707597420801795,1.0380481219363915,46.0,29.333333333333332,29.0,29.0
2024,4,Ave Maria University,200.0,0.0,4.166666666666667,0.268370607028754,30.0,7,49,174.0,2.0,3.2830188679245285,0.10089686098654709,30.0,3.0,41.0,41.0
2025,4,BLUEFIELD,160.0,3.0,2.711864406779661,0.09693053311793215,95.0,3,76,,,,,,,,
2025,15,BYU,200.0,4.0,3.389830508474576,0.24911032028469748,30.0,7,34,415.3333333333333,0.3333333333333333,5.922389697389697,1.0210573493866228,28.666666666666668,37.0,16.0,16.0
2025,14,Ball State,280.0,1.0,4.745762711864407,0.8748481166464156,50.0,24,45,266.0,1.3333333333333333,3.9430720021777597,0.36035998347176507,39.0,11.666666666666666,25.0,25.0
2025,14,Baylor,421.0,2.0,5.847222222222222,1.0183875530410185,90.0,24,31,441.0,2.0,5.287576698969104,0.7504279691087881,59.666666666666664,25.0,33.0,33.0
2025,3,Bentley,194.0,1.0,3.3448275862068964,0.20361990950226244,122.0,6,42,,,,,,,,
2025,12,Bethune-Cookman,290.0,3.0,5.471698113207547,0.5094709340300457,15.0,13,28,364.6666666666667,0.6666666666666666,5.604181428121556,1.0898214804759603,64.66666666666667,32.0,26.333333333333332,26.333333333333332
2024,3,Black Hills State,229.0,2.0,3.634920634920635,0.5137614678899083,35.0,14,24,,,,,,,,
2022,1,Bloomsburg,228.0,0.0,3.4029850746268657,0.9594882729211087,59.0,30,33,,,,,,,,
2025,15,Boise State,460.0,0.0,6.666666666666667,1.2127659574468086,20.0,38,21,437.6666666666667,0.6666666666666666,5.352761115725218,0.7447776746519779,68.33333333333333,27.0,20.666666666666668,20.666666666666668
2025,14,Boston College,433.0,0.0,7.872727272727273,1.2670807453416149,31.0,34,12,402.6666666666667,2.3333333333333335,5.442387677681796,0.641122975751092,48.333333333333336,19.0,35.333333333333336,35.333333333333336
2025,3,Bowie State,382.0,1.0,5.162162162162162,0.4669260700389105,102.0,14,36,,,,,,,,
2025,14,Bowling Green,406.0,0.0,7.12280701754386,1.381074168797954,15.0,45,14,249.0,1.6666666666666667,3.969805762680659,0.4520238504758629,69.33333333333333,13.333333333333334,24.666666666666668,24.666666666666668
2025,13,Brown,304.0,2.0,5.1525423728813555,1.386138613861386,10.0,35,28,399.0,1.0,5.681472053201098,0.8843390542095401,46.666666666666664,25.0,30.333333333333332,30.333333333333332
2025,13,Bryant,344.0,4.0,5.4603174603174605,1.033210332103321,55.0,28,35,269.0,1.0,4.435303776683088,0.5780732402926122,55.666666666666664,16.0,33.666666666666664,33.666666666666664
2025,13,Bucknell,241.0,2.0,3.707692307692308,0.6379406827084498,30.0,19,38,320.3333333333333,1.3333333333333333,5.14728077023159,0.8670230345081724,69.0,27.0,29.0,29.0
2025,14,Buffalo,370.0,1.0,6.166666666666667,1.1854103343465046,45.0,26,31,343.0,3.0,5.0249652817592265,0.7961044923227778,43.0,22.333333333333332,26.0,26.0
2024,6,Buffalo State,166.0,1.0,3.074074074074074,0.0,20.0,0,55,,,,,,,,
2025,13,Butler,431.0,2.0,6.630769230769231,0.8015833745670461,33.0,27,20,302.0,1.6666666666666667,4.736847872452834,0.5906252431368686,48.666666666666664,20.0,25.666666666666668,25.666666666666668
2025,13,Cal Poly,500.0,4.0,5.747126436781609,1.3217213114754098,48.0,43,34,405.0,2.3333333333333335,6.179959843286329,0.9532202384912618,42.333333333333336,26.333333333333332,34.0,34.0
2025,14,California,452.0,0.0,5.87012987012987,1.028880866425993,72.0,38,35,329.0,1.6666666666666667,4.764066698277225,0.7076095569311729,68.0,20.0,29.333333333333332,29.333333333333332
2025,13,Campbell,416.0,0.0,5.621621621621622,0.8968177434908389,20.0,31,35,392.0,1.3333333333333333,5.709926647426648,0.8002485775064475,62.666666666666664,25.0,29.666666666666668,29.666666666666668
2024,2,Catawba,330.0,2.0,5.409836065573771,0.5353728489483748,59.0,14,49,,,,,,,,
2025,13,Central Arkansas,373.0,4.0,6.660714285714286,1.1666666666666667,44.0,28,49,342.6666666666667,2.0,5.6788686040735215,1.0230332569198293,31.333333333333332,24.0,34.333333333333336,34.333333333333336
2025,14,Central Connecticut,382.0,0.0,4.658536585365853,0.6205770277626564,10.0,19,27,514.0,1.3333333333333333,7.28177834684877,1.197364481208653,54.333333333333336,36.0,25.333333333333332,25.333333333333332
2025,14,Central Michigan,323.0,1.0,4.893939393939394,0.09544008483563096,47.0,3,21,298.3333333333333,1.6666666666666667,5.247803452707888,0.9533080830386709,39.666666666666664,29.0,19.666666666666668,19.666666666666668
2025,4,Central State (OH),108.0,3.0,1.9636363636363636,0.0,78.0,0,27,,,,,,,,
2025,2,Central Washington,329.0,2.0,5.140625,0.4702627939142462,25.0,17,42,,,,,,,,
2025,1,Chadron St,333.0,1.0,5.203125,0.09564293304994687,60.0,3,17,,,,,,,,
2025,13,Charleston Southern,336.0,2.0,5.694915254237288,0.23728813559322035,15.0,7,6,376.3333333333333,1.3333333333333333,5.953812101216812,0.6003742190889928,46.666666666666664,18.0,16.666666666666668,16.666666666666668
2025,14,Charlotte,140.0,2.0,2.857142857142857,0.0,49.0,0,27,230.0,1.6666666666666667,4.099986938349008,0.40681579234883897,45.666666666666664,10.666666666666666,37.0,37.0
2025,13,Chattanooga,300.0,3.0,4.285714285714286,0.3812316715542522,20.0,13,35,375.3333333333333,1.6666666666666667,5.187466216216216,0.8297012516699804,54.0,30.0,42.0,42.0
2025,14,Cincinnati,397.0,1.0,7.634615384615385,1.0415094339622641,40.0,23,45,386.0,2.3333333333333335,6.385709264052664,0.7930413035371146,52.666666666666664,17.333333333333332,33.666666666666664,33.666666666666664
2024,4,Clark Atlanta,451.0,1.0,5.6375,1.016495764600981,67.0,38,37,,,,,,,,
2025,14,Clemson,415.0,1.0,5.253164556962025,0.7228915662650602,45.0,28,14,361.0,0.3333333333333333,5.560654070915265,0.9514914715297295,33.666666666666664,29.666666666666668,13.0,13.0
2025,14,Coastal Carolina,170.0,1.0,2.7419354838709675,0.4178272980501393,50.0,10,59,382.0,0.6666666666666666,5.576299376299377,1.01246364518474,59.666666666666664,29.0,41.0,41.0
2025,13,Colgate,451.0,1.0,6.731343283582089,1.257584114726972,25.0,38,19,338.0,2.0,5.443626980572794,0.8251361818711551,52.333333333333336,24.0,35.333333333333336,35.333333333333336
2025,14,Colorado,323.0,1.0,4.486111111111111,0.476460578559274,0.0,14,24,316.3333333333333,2.3333333333333335,4.34182117267287,0.6262858229648819,82.66666666666667,18.666666666666668,41.0,41.0
2025,14,Colorado State,335.0,0.0,7.282608695652174,1.092801387684302,11.0,21,42,307.6666666666667,3.0,4.705343170131903,0.6017545646934752,51.666666666666664,16.0,37.0,37.0
2025,13,Columbia,423.0,2.0,5.565789473684211,0.838150289017341,31.0,29,12,308.3333333333333,1.6666666666666667,4.6740008263841935,0.5512780234229302,52.333333333333336,17.666666666666668,29.0,29.0
2025,13,Cornell,313.0,2.0,5.305084745762712,0.4724409448818898,50.0,12,29,382.3333333333333,1.0,5.697417950119291,0.8213491353038219,34.666666666666664,24.333333333333332,19.333333333333332,19.333333333333332
2025,1,Cumberland (TN),104.0,1.0,1.8909090909090909,0.0,39.0,0,65,,,,,,,,
2025,13,Dartmouth,386.0,4.0,5.1466666666666665,0.8057553956834532,25.0,28,35,308.6666666666667,0.0,5.0550763574660635,0.6072755645048346,50.333333333333336,18.0,20.666666666666668,20.666666666666668
2025,13,Davidson,321.0,4.0,5.17741935483871,0.48498845265588914,15.0,14,42,272.3333333333333,1.3333333333333333,4.141370072713356,0.5056833665906217,38.0,16.0,26.0,26.0
2025,13,Dayton,472.0,3.0,6.9411764705882355,1.3490364025695931,80.0,42,14,310.6666666666667,2.0,4.640474567271238,0.6312585645689043,27.333333333333332,18.0,21.333333333333332,21.333333333333332
2025,14,Delaware,527.0,1.0,7.121621621621622,1.843828715365239,83.0,61,31,377.3333333333333,2.3333333333333335,4.990233918128655,0.6584336060491168,73.33333333333333,20.666666666666668,34.0,34.0
2025,13,Delaware State,526.0,4.0,6.575,0.5425531914893618,70.0,17,28,340.3333333333333,1.0,5.336320191158901,0.673960907140363,103.66666666666667,22.333333333333332,15.0,15.0
2022,3,Delta State,412.0,1.0,5.971014492753623,0.9694171956145413,40.0,28,17,,,,,,,,
2025,14,Drake,330.0,0.0,4.714285714285714,0.480225988700565,81.0,17,38,330.0,1.3333333333333333,5.893187514240146,0.5363600702562333,38.0,14.666666666666666,12.0,12.0
2025,15,Duke,333.0,1.0,4.826086956521739,0.7848837209302326,72.0,27,20,328.3333333333333,0.3333333333333333,4.71207959320482,1.0034604015186541,40.666666666666664,32.666666666666664,30.333333333333332,30.333333333333332
2025,13,Duquesne,421.0,1.0,5.929577464788732,0.5655042412818096,57.0,20,17,362.6666666666667,1.0,6.0775274108607436,0.6986400628452473,55.0,20.666666666666668,28.666666666666668,28.666666666666668
2025,3,ERSKINE,209.0,1.0,4.543478260869565,0.614484272128749,69.0,14,42,,,,,,,,
2025,14,East Carolina,524.0,1.0,6.093023255813954,1.6568047337278105,87.0,42,3,420.6666666666667,1.6666666666666667,5.699928774928775,1.2480509223458298,69.0,34.333333333333336,35.666666666666664,35.666666666666664
2025,13,East Tennessee State,409.0,1.0,5.76056338028169,1.0,110.0,28,26,520.3333333333334,0.6666666666666666,6.750682500682501,1.1398330258564797,68.66666666666667,34.666666666666664,19.666666666666668,19.666666666666668
2025,13,East Texas A&M,314.0,3.0,4.1866666666666665,0.46485888212506915,110.0,14,33,361.6666666666667,2.3333333333333335,5.267120215311005,0.8081685596452877,55.0,23.666666666666668,42.0,42.0
2025,13,Eastern Illinois,34.0,1.0,0.8717948717948718,0.0,35.0,0,56,294.3333333333333,0.6666666666666666,5.221396040202916,0.5420970228641931,36.0,13.666666666666666,30.0,30.0
2025,13,Eastern Kentucky,394.0,3.0,5.794117647058823,0.8910891089108911,25.0,33,10,279.0,1.0,4.971230158730159,0.7461257030119599,31.333333333333332,20.333333333333332,19.0,19.0
2025,14,Eastern Michigan,461.0,5.0,7.203125,0.759493670886076,30.0,21,31,378.6666666666667,1.0,5.795344751866491,0.8111597293989168,57.666666666666664,24.0,19.333333333333332,19.333333333333332
2022,3,Eastern New Mexico,113.0,3.0,1.7384615384615385,0.23544800523217788,40.0,6,41,,,,,,,,
2025,13,Eastern Washington,318.0,3.0,4.297297297297297,1.237864077669903,35.0,34,43,377.0,1.0,4.607841654431566,0.6646990271750232,34.666666666666664,21.333333333333332,23.666666666666668,23.666666666666668
2024,2,Edinboro University,258.0,1.0,3.7941176470588234,0.6028833551769331,5.0,23,21,,,,,,,,
2025,4,Edward Waters,247.0,4.0,3.5285714285714285,0.2920497566252028,98.0,9,35,,,,,,,,
2025,2,Elizabeth City State,353.0,2.0,5.348484848484849,0.6396588486140725,50.0,20,27,,,,,,,,
2025,13,Elon,468.0,0.0,6.782608695652174,1.7571884984025559,82.0,55,17,280.3333333333333,0.6666666666666666,4.7020697167756,0.8082752318899243,47.333333333333336,21.666666666666668,31.0,31.0
2022,8,Faulkner University,157.0,0.0,2.532258064516129,0.0,15.0,0,70,,,,,,,,
2025,3,Fayetteville State,234.0,2.0,4.415094339622642,0.6525472238122496,86.0,19,49,,,,,,,,
2025,2,Ferrum,187.0,1.0,3.1166666666666667,0.20517830972154372,60.0,7,42,,,,,,,,
2025,14,Florida,440.0,1.0,6.3768115942028984,1.1527377521613833,45.0,40,21,278.0,1.6666666666666667,4.9507332933010915,0.595718655156451,28.333333333333332,14.0,34.333333333333336,34.333333333333336
2025,14,Florida A&M,455.0,3.0,6.319444444444445,0.9743321110529073,72.0,31,35,345.0,0.6666666666666666,6.141025641025641,0.8373654635857414,65.66666666666667,24.333333333333332,30.666666666666668,30.666666666666668
2025,14,Florida Atlantic,338.0,5.0,4.63013698630137,0.08658008658008659,38.0,3,42,526.3333333333334,2.3333333333333335,6.917781623264255,1.3828305243857582,50.333333333333336,36.333333333333336,34.666666666666664,34.666666666666664
2025,14,Florida International,594.0,1.0,9.28125,1.8191662154845696,25.0,56,16,391.3333333333333,1.6666666666666667,5.660286606385475,1.3161150202143252,62.0,39.0,26.0,26.0
2023,3,Florida Memorial University,445.0,5.0,5.632911392405063,0.6068965517241379,61.0,22,58,,,,,,,,
2025,14,Florida State,407.0,2.0,6.2615384615384615,0.8300395256916996,28.0,21,40,391.3333333333333,2.0,5.696948047529799,0.6134165465959539,30.666666666666668,18.333333333333332,19.666666666666668,19.666666666666668
2025,13,Fordham,424.0,3.0,6.144927536231884,0.8062015503875969,10.0,26,27,225.33333333333334,3.0,3.4704184704184704,0.4223301088300108,51.0,11.0,22.666666666666668,22.666666666666668
2024,2,Franklin Pierce,367.0,0.0,4.218390804597701,0.517503805175038,53.0,17,21,,,,,,,,
2025,14,Fresno State,397.0,3.0,5.438356164383562,1.0481465700894759,60.0,41,14,300.0,0.3333333333333333,4.526717894364953,0.7460175741342016,56.333333333333336,23.666666666666668,12.666666666666666,12.666666666666666
2024,5,Frostburg State,391.0,1.0,6.015384615384615,0.7274490785645005,55.0,25,24,,,,,,,,
2025,13,Furman,271.0,2.0,3.8714285714285714,0.3113648157758173,35.0,10,45,347.6666666666667,1.3333333333333333,5.921781425748594,1.1512115868646273,36.0,29.333333333333332,37.0,37.0
2025,13,Gardner-Webb,448.0,2.0,6.054054054054054,0.9278350515463918,65.0,24,29,344.6666666666667,0.6666666666666666,4.828270158258605,0.8029237665289917,75.0,26.0,21.666666666666668,21.666666666666668
2025,13,Georgetown,262.0,5.0,3.638888888888889,0.2420749279538905,49.0,7,42,286.3333333333333,1.0,4.090071584189231,0.3355504978976431,59.333333333333336,12.666666666666666,24.0,24.0
2024,3,Georgetown College Kentucky,322.0,0.0,5.193548387096774,0.5345211581291759,5.0,16,24,,,,,,,,
2025,15,Georgia,297.0,0.0,4.432835820895522,0.7594936708860759,80.0,28,7,355.3333333333333,1.0,5.148462893864013,0.798952916671749,25.0,28.666666666666668,7.333333333333333,7.333333333333333
2025,14,Georgia Southern,528.0,1.0,6.068965517241379,0.5764611689351481,15.0,24,19,465.3333333333333,1.0,6.458433515482696,0.8681127265835539,46.666666666666664,26.666666666666668,36.0,36.0
2025,14,Georgia State,283.0,1.0,4.223880597014926,0.3631961259079903,105.0,10,27,449.3333333333333,2.0,5.697389060887513,0.6869792374424959,28.333333333333332,21.333333333333332,33.666666666666664,33.666666666666664
2025,14,Georgia Tech,250.0,1.0,5.0,0.36511156186612576,57.0,9,16,521.6666666666666,1.3333333333333333,7.118993429519745,1.0932731659588637,42.666666666666664,33.333333333333336,41.333333333333336,41.333333333333336
2025,14,Grambling,300.0,2.0,4.166666666666667,0.8290685772773797,90.0,27,28,267.0,1.0,4.348265244166884,0.6329652388128032,69.33333333333333,20.0,20.0,20.0
2025,4,Greensboro College,293.0,6.0,4.013698630136986,0.0,57.0,0,48,,,,,,,,
2025,13,Hampton,276.0,1.0,4.928571428571429,0.35502958579881655,83.0,10,38,274.3333333333333,1.3333333333333333,4.769958241218373,0.3633616417026233,66.0,10.333333333333334,39.333333333333336,39.333333333333336
2025,3,Hanover College,158.0,0.0,2.8214285714285716,0.2581438229870928,20.0,7,16,,,,,,,,
2025,14,Harvard,213.0,3.0,4.346938775510204,0.3215926493108729,26.0,7,52,443.3333333333333,0.6666666666666666,6.239027740773703,1.3279657065281965,63.333333333333336,34.666666666666664,34.0,34.0
2025,14,Hawai'i,417.0,1.0,7.189655172413793,0.8719052744886976,95.0,27,7,371.0,1.0,5.701030595813204,0.8980996474621247,77.66666666666667,28.666666666666668,29.666666666666668,29.666666666666668
2025,13,Holy Cross,305.0,0.0,5.350877192982456,1.4391776127926899,194.0,42,7,303.3333333333333,1.3333333333333333,4.947911158117399,0.5900959845329122,70.66666666666667,17.666666666666668,26.333333333333332,26.333333333333332
2025,14,Houston,417.0,1.0,5.2784810126582276,0.8508691674290944,24.0,31,24,408.0,3.0,5.6831053067993365,0.8277332556015221,24.0,26.333333333333332,29.666666666666668,29.666666666666668
2025,13,Houston Christian,320.0,0.0,4.776119402985074,0.3893575600259572,98.0,10,31,282.6666666666667,2.3333333333333335,4.310321400716881,0.5292333922097839,76.66666666666667,14.0,39.333333333333336,39.333333333333336
2025,13,Howard,434.0,2.0,6.676923076923077,1.264973646382367,87.0,44,15,226.0,1.6666666666666667,3.661740731371392,0.4340081304047689,94.33333333333333,13.0,34.333333333333336,34.333333333333336
2025,13,Idaho,259.0,1.0,5.078431372549019,0.594059405940594,73.0,16,37,392.6666666666667,1.3333333333333333,6.311867237240372,0.8128562174436658,51.333333333333336,23.0,27.666666666666668,27.666666666666668
2025,13,Idaho State,404.0,0.0,5.246753246753247,1.1189516129032258,21.0,37,16,484.3333333333333,0.6666666666666666,7.106288754818166,1.1843023202525136,36.0,32.0,18.666666666666668,18.666666666666668
2025,14,Illinois,284.0,1.0,5.461538461538462,0.6795016987542469,44.0,20,13,380.0,0.6666666666666666,5.514627175567468,0.6985816597427831,31.666666666666668,23.0,15.333333333333334,15.333333333333334
2025,15,Illinois State,422.0,5.0,4.637362637362638,0.6902023006743356,21.0,29,28,261.3333333333333,1.3333333333333333,4.062987329434698,0.7510766613921097,19.0,21.0,20.333333333333332,20.333333333333332
2025,13,Incarnate Word,445.0,2.0,5.779220779220779,0.903351141330743,65.0,31,10,369.6666666666667,0.3333333333333333,5.562272831838048,0.7587336193484605,67.66666666666667,23.0,10.0,10.0
2025,15,Indiana,340.0,1.0,5.964912280701754,0.43648573027420257,49.0,13,10,420.6666666666667,0.3333333333333333,7.221425726802071,1.2929664447086093,15.333333333333334,38.0,11.333333333333334,11.333333333333334
2025,13,Indiana State,481.0,2.0,7.17910447761194,0.6484424666242848,53.0,17,31,330.6666666666667,1.6666666666666667,6.190746812386156,1.1535408102231133,36.666666666666664,24.333333333333332,37.333333333333336,37.333333333333336
2024,3,Indiana Wesleyan,185.0,1.0,4.868421052631579,1.476121562952243,12.0,17,20,,,,,,,,
2025,14,Iowa,379.0,1.0,6.112903225806452,1.2,45.0,40,16,286.6666666666667,1.6666666666666667,4.963398288483349,0.6124848278047235,37.0,19.0,20.333333333333332,20.333333333333332
2025,14,Iowa State,344.0,1.0,5.212121212121212,0.6063668519454269,54.0,20,13,356.6666666666667,1.0,5.127649241764787,0.7937190401232178,51.666666666666664,25.666666666666668,18.333333333333332,18.333333333333332
2025,15,Jackson State,244.0,1.0,5.809523809523809,0.9968354430379747,78.0,21,23,452.3333333333333,1.3333333333333333,6.565837845480783,1.007472598992347,63.333333333333336,32.333333333333336,12.333333333333334,12.333333333333334
2025,15,Jacksonville State,306.0,1.0,4.935483870967742,0.5208333333333334,72.0,15,19,471.6666666666667,1.0,7.152756557168321,1.094686364948557,69.0,31.0,29.0,29.0
2025,15,James Madison,411.0,2.0,6.134328358208955,1.014176663031625,80.0,31,14,490.3333333333333,1.0,6.97498127340824,1.321913205412544,66.0,47.0,13.333333333333334,13.333333333333334
2025,14,Kansas,477.0,3.0,6.115384615384615,0.5683355886332881,32.0,21,31,344.6666666666667,0.3333333333333333,5.875993431855501,0.8249285268486766,36.666666666666664,24.0,27.666666666666668,27.666666666666668
2025,14,Kansas State,321.0,0.0,5.35,0.783886771910724,50.0,24,14,394.3333333333333,2.3333333333333335,6.29535037121244,0.918661616259843,48.333333333333336,27.0,33.333333333333336,33.333333333333336
2022,3,Keiser University,308.0,2.0,3.8987341772151898,0.08450704225352113,35.0,3,37,,,,,,,,
2025,15,Kennesaw State,318.0,1.0,4.676470588235294,0.608974358974359,26.0,19,15,510.3333333333333,1.3333333333333333,6.502905304700128,1.2895740824771602,79.0,38.333333333333336,37.0,37.0
2025,14,Kent State,438.0,2.0,7.551724137931035,1.2433392539964476,20.0,35,31,317.0,1.0,5.734791012672946,1.0128131046479862,63.0,23.666666666666668,26.666666666666668,26.666666666666668
2025,14,Kentucky,140.0,2.0,2.6923076923076925,0.0,54.0,0,41,394.6666666666667,2.3333333333333335,5.902778886317077,1.0713958982064102,31.666666666666668,32.333333333333336,20.666666666666668,20.666666666666668
2025,4,Kentucky Christian,353.0,0.0,7.354166666666667,1.4141414141414141,50.0,28,45,,,,,,,,
2025,3,Kentucky State,357.0,1.0,5.578125,0.9417721518987342,50.0,31,37,,,,,,,,
2025,14,LSU,198.0,1.0,3.6,0.4434337691870381,25.0,13,17,316.6666666666667,1.3333333333333333,4.574442435201928,0.4356193693756347,66.66666666666667,15.0,17.333333333333332,17.333333333333332
2022,1,La Verne,108.0,2.0,1.8305084745762712,0.0,48.0,0,58,,,,,,,,
2025,13,Lafayette,424.0,1.0,4.988235294117647,0.8980355472404116,0.0,32,42,428.6666666666667,1.0,6.689569601381042,1.407402132781917,36.666666666666664,38.333333333333336,27.666666666666668,27.666666666666668
2025,14,Lamar,361.0,1.0,5.3088235294117645,0.7766990291262136,20.0,20,38,309.6666666666667,1.6666666666666667,5.0848252344416025,0.5504979080569447,40.0,16.0,19.666666666666668,19.666666666666668
2025,4,Lane College,155.0,4.0,2.8181818181818183,0.21806853582554517,40.0,7,49,,,,,,,,
2025,3,Langston University,179.0,3.0,2.712121212121212,0.0,68.0,0,80,97.0,3.0,1.830188679245283,0.30523255813953487,41.0,7.0,55.0,55.0
2023,4,Laurinburg,90.0,2.0,2.3684210526315788,0.234375,35.0,6,84,,,,,,,,
2025,15,Lehigh,339.0,2.0,5.467741935483871,0.21021021021021022,20.0,7,14,463.3333333333333,1.0,8.182577475434616,1.2119356369872742,58.0,35.666666666666664,14.0,14.0
2025,14,Liberty,503.0,1.0,6.367088607594937,1.274658573596358,97.0,42,48,400.0,2.6666666666666665,5.601241072473949,0.8139283110354109,68.0,24.0,29.666666666666668,29.666666666666668
2022,1,Limestone,347.0,1.0,5.88135593220339,0.8873239436619718,114.0,21,56,,,,,,,,
2025,9,Lincoln (CA),63.0,2.0,2.52,0.0,15.0,0,38,210.33333333333334,3.0,3.3471347861178367,0.0,66.66666666666667,0.0,60.333333333333336,60.333333333333336
2025,2,Lincoln (PA),221.0,1.0,3.683333333333333,0.49266862170087977,40.0,14,55,,,,,,,,
2025,13,Lindenwood,263.0,0.0,4.311475409836065,0.93603744149766,69.0,30,13,419.6666666666667,2.0,6.783545267085625,1.109760460357504,36.333333333333336,32.666666666666664,16.333333333333332,16.333333333333332
2025,1,Little Rock,112.0,2.0,2.1132075471698113,0.0,70.0,0,69,,,,,,,,
2025,13,Long Island University,433.0,3.0,7.338983050847458,0.8158640226628895,48.0,24,17,265.0,0.3333333333333333,4.127373084291188,0.5576970222537707,36.333333333333336,15.333333333333334,8.0,8.0
2025,14,Louisiana,338.0,0.0,4.970588235294118,1.0044642857142856,25.0,30,27,375.3333333333333,1.0,5.338115896504202,1.0163244049338171,68.66666666666667,35.666666666666664,30.333333333333332,30.333333333333332
2025,1,Louisiana College,171.0,1.0,2.85,0.40816326530612246,63.0,9,54,,,,,,,,
2025,14,Louisiana Tech,475.0,0.0,7.421875,1.2413793103448274,96.0,42,30,312.3333333333333,1.0,4.915081422399468,0.6522115279910147,67.66666666666667,20.333333333333332,27.0,27.0
2025,14,Louisville,440.0,0.0,6.197183098591549,1.1243144424131626,75.0,41,0,321.3333333333333,1.0,5.421813825014162,0.5884781555237615,58.666666666666664,17.0,29.0,29.0
2025,13,Maine,369.0,2.0,7.096153846153846,1.1679884643114635,95.0,27,33,342.0,0.6666666666666666,5.198097601323408,0.7272454220577447,36.666666666666664,25.333333333333332,24.333333333333332,24.333333333333332
2025,13,Marist,327.0,1.0,5.274193548387097,0.7381889763779528,54.0,25,29,362.6666666666667,2.0,6.286892714074877,0.8605415891693037,61.333333333333336,26.0,22.666666666666668,22.666666666666668
2022,1,Mars Hill,263.0,3.0,3.8115942028985508,0.24165707710011508,60.0,7,44,,,,,,,,
2025,14,Marshall,372.0,1.0,7.294117647058823,1.0344827586206897,27.0,19,24,447.0,1.0,6.362496596045967,0.869596959914249,57.0,25.666666666666668,26.333333333333332,26.333333333333332
2025,14,Maryland,534.0,1.0,6.935064935064935,0.9905660377358491,75.0,28,38,347.6666666666667,1.0,5.58374720502236,0.6230694789315215,41.666666666666664,15.333333333333334,34.666666666666664,34.666666666666664
2025,14,Massachusetts,292.0,1.0,4.5625,0.5106382978723404,7.0,14,45,215.33333333333334,2.3333333333333335,3.3973767526006333,0.34354231840220956,38.333333333333336,9.0,43.666666666666664,43.666666666666664
2025,1,McKendree,325.0,3.0,4.113924050632911,0.8008898776418243,20.0,24,41,,,,,,,,
2025,13,McNeese,362.0,1.0,5.171428571428572,0.6844106463878327,45.0,21,19,452.0,1.3333333333333333,6.367537774433983,0.9651003050005436,25.0,32.666666666666664,17.0,17.0
2025,14,Memphis,288.0,0.0,4.430769230769231,0.6934058463630184,49.0,17,28,415.6666666666667,0.6666666666666666,6.192899491812535,1.0210259079406927,47.333333333333336,32.333333333333336,27.666666666666668,27.666666666666668
2025,15,Mercer,277.0,4.0,4.134328358208955,0.0,60.0,0,47,483.6666666666667,1.6666666666666667,6.920490620490621,1.384781153930563,49.666666666666664,43.0,42.0,42.0
2025,13,Mercyhurst,457.0,1.0,6.720588235294118,0.9411764705882353,56.0,28,35,356.6666666666667,1.3333333333333333,6.235042735042735,0.695671916975841,85.66666666666667,19.333333333333332,16.666666666666668,16.666666666666668
2025,13,Merrimack,266.0,0.0,4.222222222222222,0.972972972972973,37.0,27,26,422.3333333333333,1.6666666666666667,5.683513743754708,0.8728867291285055,37.666666666666664,29.333333333333332,35.333333333333336,35.333333333333336
2025,14,Miami,416.0,1.0,5.859154929577465,1.0580046403712298,28.0,38,7,461.3333333333333,0.3333333333333333,7.229768866610972,1.1275917822115666,72.33333333333333,37.666666666666664,11.333333333333334,11.333333333333334
2025,15,Miami (OH),272.0,1.0,3.9420289855072466,0.5259608900876602,50.0,13,23,342.3333333333333,1.0,5.122799422799423,0.913357947654578,32.333333333333336,28.333333333333332,22.666666666666668,22.666666666666668
2025,14,Michigan,163.0,1.0,3.880952380952381,0.45037531276063386,3.0,9,27,445.6666666666667,2.3333333333333335,6.344880585392599,0.9211075441307836,28.666666666666668,30.0,19.333333333333332,19.333333333333332
2025,14,Michigan State,453.0,1.0,6.4714285714285715,1.1974789915966386,50.0,38,28,343.6666666666667,0.6666666666666666,5.432219264517401,0.526627989162982,42.0,15.666666666666666,23.666666666666668,23.666666666666668
2022,2,Michigan Tech,152.0,1.0,2.4918032786885247,0.20954598370197905,50.0,6,32,,,,,,,,
2025,14,Middle Tennessee,459.0,1.0,6.0394736842105265,1.0147299509001637,129.0,31,24,455.0,1.0,6.570330167345094,0.9990208023832028,71.0,29.0,38.333333333333336,38.333333333333336
2025,5,Miles College,289.0,0.0,4.898305084745763,0.6905890318212593,85.0,17,24,238.0,0.0,3.3055555555555554,0.2436823104693141,57.0,9.0,37.0,37.0
2025,14,Minnesota,218.0,0.0,3.892857142857143,0.5567685589519651,5.0,17,7,274.6666666666667,0.0,5.0309257687228826,1.0516244261264782,21.333333333333332,23.666666666666668,33.333333333333336,33.333333333333336
2022,4,Mississippi College,324.0,2.0,5.0625,0.463004993191103,30.0,17,32,,,,,,,,
2025,14,Mississippi State,440.0,1.0,5.945945945945946,0.663948747815958,67.0,19,38,351.6666666666667,1.6666666666666667,4.677805394458253,0.9994431450606388,36.666666666666664,28.666666666666668,41.666666666666664,41.666666666666664
2025,14,Mississippi Valley State,425.0,1.0,6.4393939393939394,1.2418687167356595,20.0,35,31,266.3333333333333,1.6666666666666667,3.7507854385903165,0.44932109501851775,66.33333333333333,14.333333333333334,47.666666666666664,47.666666666666664
2025,14,Missouri,347.0,1.0,5.338461538461538,0.9104258443465493,45.0,31,17,341.0,2.0,5.758167184927747,0.9954935238877455,54.333333333333336,24.0,27.333333333333332,27.333333333333332
2022,2,Missouri S&T,169.0,2.0,2.816666666666667,0.6653620352250489,60.0,17,14,,,,,,,,
2025,14,Missouri State,416.0,1.0,7.172413793103448,1.1464968152866242,33.0,30,42,434.3333333333333,1.0,6.681112417105626,0.9881480471581754,50.0,31.0,27.333333333333332,27.333333333333332
2025,13,Monmouth,343.0,1.0,5.119402985074627,1.1437648927720412,85.0,24,31,493.6666666666667,1.3333333333333333,7.706923714759536,1.3034503641440056,41.333333333333336,37.0,20.0,20.0
2025,15,Montana,552.0,0.0,6.814814814814815,1.4395393474088292,49.0,50,29,390.0,1.0,6.3073949628097985,1.43273155372932,46.333333333333336,40.0,24.0,24.0
2025,15,Montana State,341.0,1.0,5.879310344827586,0.805111821086262,40.0,21,13,415.0,0.6666666666666666,7.180000000000001,1.6603941674080802,37.0,45.0,19.666666666666668,19.666666666666668
2025,13,Morehead State,325.0,1.0,5.241935483870968,0.316288877174486,35.0,10,17,362.3333333333333,0.6666666666666666,6.074513626113213,0.9548398591013121,49.333333333333336,25.333333333333332,22.333333333333332,22.333333333333332
2025,3,Morehouse College,182.0,2.0,2.9836065573770494,0.3560830860534125,32.0,10,38,,,,,,,,
2025,13,Morgan State,234.0,2.0,3.7142857142857144,0.4146100691016782,124.0,14,33,341.3333333333333,1.3333333333333333,5.322001654259719,0.8329364903310129,47.0,25.666666666666668,26.0,26.0
2025,13,Murray State,564.0,2.0,6.962962962962963,0.9176122348297978,40.0,31,17,302.6666666666667,2.0,4.894174354947764,0.4542594502786655,32.666666666666664,12.666666666666666,31.0,31.0
2025,14,NC State,386.0,0.0,5.361111111111111,1.2733703890853967,60.0,42,19,337.3333333333333,0.6666666666666666,5.25579163008487,0.8219416611120774,41.333333333333336,25.333333333333332,29.333333333333332,29.333333333333332
2025,14,Navy,300.0,1.0,4.3478260869565215,0.7891028651949272,56.0,28,17,381.0,1.3333333333333333,6.054870544525716,0.6777768870565145,59.0,22.666666666666668,39.333333333333336,39.333333333333336
2025,14,Nebraska,300.0,1.0,5.0,0.6,53.0,16,40,321.6666666666667,0.3333333333333333,5.302261354388516,0.5954878491553571,42.666666666666664,18.333333333333332,26.333333333333332,26.333333333333332
2025,14,Nevada,341.0,2.0,5.08955223880597,0.517503805175038,40.0,17,42,308.6666666666667,1.3333333333333333,5.229506543823285,0.7832578086262973,52.666666666666664,27.333333333333332,22.666666666666668,22.666666666666668
2025,14,New Hampshire,192.0,1.0,3.4285714285714284,0.10410641989589359,16.0,3,41,415.3333333333333,0.6666666666666666,6.2237096831486225,1.000158176191986,71.33333333333333,36.333333333333336,18.0,18.0
2025,11,New Haven,457.0,0.0,8.160714285714286,1.6803278688524592,112.0,41,31,417.0,1.6666666666666667,6.5989010989010985,1.0873394439837838,35.333333333333336,35.0,24.333333333333332,24.333333333333332
2025,14,New Mexico,308.0,1.0,5.133333333333334,0.8060747663551402,53.0,23,17,385.6666666666667,1.6666666666666667,6.715530303030302,0.9439574509997045,59.666666666666664,26.666666666666668,18.333333333333332,18.333333333333332
2025,14,New Mexico State,395.0,3.0,5.337837837837838,0.8149405772495756,45.0,24,31,375.3333333333333,2.3333333333333335,4.5841710715188375,0.6204471448854384,36.666666666666664,21.333333333333332,32.333333333333336,32.333333333333336
2025,13,Nicholls,308.0,1.0,5.310344827586207,0.9192692987625221,83.0,26,38,370.6666666666667,1.3333333333333333,5.591236012566628,0.7799903610421031,34.333333333333336,26.0,18.666666666666668,18.666666666666668
2025,13,Norfolk State,323.0,1.0,5.981481481481482,0.5948446794448117,106.0,15,44,406.3333333333333,2.0,6.4332852332852335,0.9254311513778465,116.0,25.333333333333332,31.0,31.0
2025,13,North Alabama,342.0,1.0,4.56,1.0194902548725637,5.0,34,36,274.3333333333333,2.6666666666666665,3.8841463414634148,0.5458583226987961,45.333333333333336,16.666666666666668,39.666666666666664,39.666666666666664
2024,1,North American University,40.0,1.0,0.975609756097561,0.0,20.0,0,77,,,,,,,,
2025,14,North Carolina,265.0,1.0,4.416666666666667,0.703269586674892,129.0,19,42,271.6666666666667,0.3333333333333333,4.98129466162253,0.7238646625215313,73.66666666666667,19.0,25.0,25.0
2025,13,North Carolina A&T,217.0,4.0,3.9454545454545453,0.5923344947735192,87.0,17,55,267.6666666666667,1.3333333333333333,4.537958011487423,0.46633019913702406,64.0,13.333333333333334,54.333333333333336,54.333333333333336
2025,13,North Carolina Central,360.0,4.0,5.625,1.257941550190597,25.0,33,14,378.0,2.0,6.031495551659199,1.1603181287818352,68.33333333333333,31.0,25.333333333333332,25.333333333333332
2025,15,North Dakota,248.0,2.0,4.428571428571429,0.5689277899343544,35.0,13,31,352.3333333333333,1.6666666666666667,5.26155627768531,1.1204958164231338,50.666666666666664,32.333333333333336,19.0,19.0
2025,15,North Dakota State,179.0,2.0,3.891304347826087,1.556997219647822,54.0,28,29,470.0,1.3333333333333333,7.869888768348869,1.4422471326767574,60.666666666666664,41.666666666666664,11.0,11.0
2024,3,North Greenville,229.0,2.0,3.693548387096774,0.0,85.0,0,54,,,,,,,,
2025,15,North Texas,415.0,5.0,6.102941176470588,0.8445040214477212,65.0,21,34,583.6666666666666,0.6666666666666666,9.888586607601438,2.1482725239087905,21.666666666666668,53.666666666666664,24.333333333333332,24.333333333333332
2025,3,Northeastern State,379.0,2.0,5.656716417910448,0.8300395256916996,102.0,21,49,,,,,,,,
2025,13,Northern Arizona,303.0,1.0,4.661538461538462,0.997624703087886,22.0,28,48,463.0,0.6666666666666666,7.257936507936509,1.1836323829329074,27.0,38.666666666666664,24.0,24.0
2025,13,Northern Colorado,309.0,0.0,6.3061224489795915,1.0427226647356989,65.0,24,13,290.6666666666667,2.6666666666666665,4.265975723622781,0.2684713259853973,60.666666666666664,8.0,43.666666666666664,43.666666666666664
2025,14,Northern Illinois,334.0,1.0,4.911764705882353,0.9733124018838304,32.0,31,35,296.0,0.0,4.780306794099897,0.7208782808745141,38.0,22.333333333333332,26.666666666666668,26.666666666666668
2025,13,Northern Iowa,483.0,1.0,8.186440677966102,1.0750279955207167,67.0,32,35,293.6666666666667,1.3333333333333333,5.138453500522466,0.6799110073138208,38.333333333333336,21.0,31.0,31.0
2025,3,Northern Michigan,262.0,0.0,3.589041095890411,0.20202020202020202,25.0,7,20,,,,,,,,
2024,1,Northern State,207.0,3.0,3.9056603773584904,0.09399477806788512,52.0,3,45,,,,,,,,
2025,14,Northwestern,254.0,4.0,3.9076923076923076,0.42529989094874593,35.0,13,20,350.0,1.0,5.737850200114351,0.7898847904649972,52.333333333333336,25.666666666666668,32.333333333333336,32.333333333333336
2023,2,Northwestern (IA),369.0,0.0,5.857142857142857,0.8459530026109661,36.0,27,24,,,,,,,,
2025,13,Northwestern State,307.0,0.0,4.796875,0.413589364844904,43.0,14,62,225.66666666666666,1.3333333333333333,3.783597135858301,0.2997708426273125,43.0,9.0,38.0,38.0
2025,14,Notre Dame,524.0,0.0,7.081081081081081,1.6021798365122617,35.0,49,20,428.3333333333333,0.6666666666666666,8.21734672276468,2.167433419046499,46.333333333333336,52.0,10.666666666666666,10.666666666666666
2025,14,Ohio,506.0,3.0,6.571428571428571,0.8143607705779333,40.0,31,26,338.6666666666667,1.3333333333333333,5.471757793559796,0.8730322937172429,40.333333333333336,26.333333333333332,17.0,17.0
2025,15,Ohio State,322.0,1.0,5.75,0.3309431880860452,20.0,10,13,429.6666666666667,0.6666666666666666,6.491185624389469,1.1117297127074182,50.666666666666664,39.0,9.333333333333334,9.333333333333334
2025,14,Oklahoma,393.0,3.0,5.954545454545454,0.5540467137425312,60.0,17,13,279.6666666666667,0.6666666666666666,4.697616882774615,0.8738406944659175,73.66666666666667,24.333333333333332,18.0,18.0
2025,14,Oklahoma State,229.0,2.0,4.017543859649122,0.48118445404071564,35.0,13,20,305.6666666666667,2.0,4.864990951803828,0.46619113236969184,17.0,13.666666666666666,23.0,23.0
2025,14,Old Dominion,409.0,2.0,5.381578947368421,0.8316221765913757,20.0,27,10,481.6666666666667,0.6666666666666666,6.706793239683933,1.1905228569781519,56.666666666666664,36.333333333333336,5.333333333333333,5.333333333333333
2025,14,Ole Miss,545.0,0.0,7.266666666666667,1.210833775889538,50.0,38,19,519.3333333333334,1.3333333333333333,6.748184657823212,1.2083911820914308,38.666666666666664,37.666666666666664,12.666666666666666,12.666666666666666
2025,14,Oregon,392.0,0.0,5.52112676056338,0.7435653002859867,58.0,26,14,439.6666666666667,1.0,6.926647604927813,1.1213600697471668,74.0,34.0,18.666666666666668,18.666666666666668
2025,14,Oregon State,280.0,3.0,4.0,0.2545068928950159,119.0,8,32,330.6666666666667,1.0,4.5573695722634,0.4087105841596859,55.0,13.666666666666666,19.666666666666668,19.666666666666668
2025,6,Pace,233.0,2.0,4.480769230769231,0.49266862170087977,74.0,14,28,,,,,,,,
2025,14,Penn State,509.0,0.0,9.425925925925926,1.4492753623188406,54.0,40,36,371.6666666666667,0.6666666666666666,6.384609399315281,0.9285219358465558,49.0,29.666666666666668,15.666666666666666,15.666666666666666
2025,13,Pennsylvania,323.0,0.0,4.969230769230769,0.5391120507399577,60.0,17,6,394.0,0.6666666666666666,5.944526459232342,0.9237654337409387,55.0,29.333333333333332,35.0,35.0
2025,14,Pittsburgh,229.0,1.0,4.2407407407407405,0.2906574394463668,88.0,7,38,365.6666666666667,1.6666666666666667,5.318230125059633,1.0580457478556196,71.33333333333333,30.666666666666668,28.333333333333332,28.333333333333332
2024,3,Point University,266.0,0.0,4.433333333333334,0.46632124352331605,121.0,12,42,,,,,,,,
2025,13,Portland State,326.0,1.0,4.346666666666667,0.3515096890491212,81.0,13,24,394.0,3.3333333333333335,5.713508578188075,0.8592301136664316,73.66666666666667,27.0,50.0,50.0
2023,12,Post University,305.0,2.0,5.258620689655173,0.6461538461538462,30.0,21,48,,,,,,,,
2025,15,Prairie View A&M,424.0,3.0,5.367088607594937,0.5907534246575343,82.0,23,21,583.6666666666666,0.6666666666666666,9.394483208603674,1.8883601726387285,61.666666666666664,54.333333333333336,6.666666666666667,6.666666666666667
2025,13,Presbyterian,356.0,2.0,5.235294117647059,1.1096938775510203,55.0,29,25,347.0,2.3333333333333335,5.001502307222329,0.7977175498912793,35.666666666666664,26.333333333333332,12.333333333333334,12.333333333333334
2025,13,Princeton,227.0,1.0,3.783333333333333,0.2107728337236534,46.0,6,17,354.3333333333333,2.0,4.7410961686324,0.4576749500862379,36.666666666666664,14.666666666666666,17.666666666666668,17.666666666666668
2025,14,Purdue,282.0,2.0,3.810810810810811,0.09054325955734406,35.0,3,56,243.0,1.0,4.215100524475524,0.4865087062002049,35.666666666666664,13.0,34.666666666666664,34.666666666666664
2025,15,Rhode Island,467.0,1.0,6.970149253731344,0.8788732394366198,57.0,26,47,518.0,1.0,7.574007673199946,1.2135397061599644,73.33333333333333,36.666666666666664,14.0,14.0
2025,14,Rice,257.0,1.0,4.431034482758621,0.09564293304994687,83.0,3,52,280.3333333333333,1.0,3.984055484055484,0.5856570229668256,35.0,20.666666666666668,37.0,37.0
2025,13,Richmond,323.0,1.0,4.969230769230769,0.8931419457735247,116.0,28,21,380.3333333333333,1.3333333333333333,5.256501761650504,0.9057407384521877,57.333333333333336,25.333333333333332,24.333333333333332,24.333333333333332
2025,13,Robert Morris,259.0,1.0,4.4655172413793105,0.6901217861975643,70.0,17,20,300.0,1.0,4.882947118241236,0.6229070442580317,49.0,17.666666666666668,22.666666666666668,22.666666666666668
2024,4,Roosevelt,331.0,2.0,5.910714285714286,0.7872219053051911,78.0,23,31,,,,,,,,
2025,14,Rutgers,533.0,1.0,8.328125,1.1111111111111112,42.0,36,40,314.6666666666667,1.0,4.678348704435661,0.6020675487914029,20.666666666666668,19.0,32.333333333333336,32.333333333333336
2025,14,SE Louisiana,321.0,4.0,4.6521739130434785,0.09478672985781991,40.0,3,21,333.6666666666667,0.3333333333333333,5.580709438983162,0.660331458595274,39.333333333333336,20.0,15.666666666666666,15.666666666666666
2025,14,SMU,477.0,1.0,7.119402985074627,1.5173410404624277,94.0,35,38,482.3333333333333,0.6666666666666666,6.931293631293632,1.2960149292656118,88.33333333333333,36.333333333333336,13.0,13.0
2025,13,Sacramento State,343.0,1.0,4.635135135135135,0.7681365576102418,43.0,27,31,444.0,1.3333333333333333,6.886784536424487,1.2306956893619658,42.333333333333336,36.666666666666664,19.0,19.0
2025,13,Sacred Heart,374.0,1.0,5.753846153846154,0.30349013657056145,75.0,10,34,427.0,0.3333333333333333,7.392359144614784,1.4285918810485105,56.0,44.333333333333336,22.333333333333332,22.333333333333332
2025,4,Saginaw Valley State,390.0,1.0,5.416666666666667,0.9480812641083521,166.0,28,35,,,,,,,,
2025,14,Sam Houston,359.0,4.0,5.056338028169014,0.5476326297775242,57.0,16,56,289.6666666666667,0.6666666666666666,4.661921820010055,0.8129004494767265,62.0,21.333333333333332,23.666666666666668,23.666666666666668
2025,13,Samford,77.0,0.0,1.6041666666666667,0.0,32.0,0,48,331.0,2.3333333333333335,4.27953216374269,0.487547924651371,43.0,15.333333333333334,31.333333333333332,31.333333333333332
2025,13,San Diego,284.0,1.0,6.173913043478261,1.768421052631579,75.0,42,8,389.0,0.6666666666666666,5.91639854139854,1.046671103296774,52.333333333333336,34.333333333333336,15.666666666666666,15.666666666666666
2025,14,San Diego State,355.0,2.0,5.378787878787879,0.5402542372881356,73.0,17,23,269.6666666666667,1.3333333333333333,4.56326164874552,0.5750989826864582,30.0,16.0,16.0,16.0
2025,14,San Jos√© State,227.0,5.0,3.783333333333333,0.670391061452514,40.0,14,41,324.3333333333333,3.3333333333333335,5.175598011804908,0.39908694977673614,61.333333333333336,9.666666666666666,35.333333333333336,35.333333333333336
2025,6,Savannah St,198.0,2.0,2.788732394366197,0.17061611374407584,30.0,6,49,,,,,,,,
2024,8,Shorter,210.0,0.0,3.28125,0.35681610247026535,52.0,13,41,,,,,,,,
2024,1,Sioux Falls,394.0,1.0,4.690476190476191,0.8395061728395061,32.0,34,13,,,,,,,,
2025,14,South Alabama,364.0,1.0,5.2,0.8909194745859509,25.0,26,49,393.0,0.6666666666666666,5.284300494826811,0.8777314468936162,53.0,30.0,26.666666666666668,26.666666666666668
2025,14,South Carolina,422.0,4.0,6.918032786885246,0.658307210031348,54.0,14,28,399.0,1.3333333333333333,6.054493922393642,0.998421043868689,48.666666666666664,31.666666666666668,22.666666666666668,22.666666666666668
2025,13,South Carolina State,406.0,1.0,6.766666666666667,0.9767441860465116,32.0,28,17,429.0,1.6666666666666667,6.493588516746411,1.1950954091818096,66.33333333333333,37.333333333333336,23.0,23.0
2025,15,South Dakota,550.0,0.0,9.649122807017545,1.4936440677966103,40.0,47,0,425.0,0.3333333333333333,7.058624327207777,1.2572565709090087,62.0,38.333333333333336,28.333333333333332,28.333333333333332
2025,15,South Dakota State,417.0,2.0,6.95,1.1477572559366755,67.0,29,50,359.6666666666667,2.3333333333333335,5.067202540540173,0.9788428598703369,38.0,32.0,23.0,23.0
2025,14,South Florida,553.0,0.0,7.181818181818182,1.8160651920838184,30.0,52,3,519.3333333333334,1.3333333333333333,8.825990338164251,2.148959527152361,63.666666666666664,47.0,27.333333333333332,27.333333333333332
2025,13,Southeast Missouri State,176.0,2.0,3.087719298245614,0.46511627906976744,105.0,13,30,324.6666666666667,0.6666666666666666,4.492555936217908,0.7555172930629087,65.0,21.0,22.333333333333332,22.333333333333332
2025,14,Southern,352.0,1.0,5.770491803278689,1.0206561360874848,35.0,28,27,330.0,2.0,5.302206541218638,0.8111428795076229,76.0,22.666666666666668,36.666666666666664,36.666666666666664
2025,7,Southern Connecticut State,314.0,2.0,4.077922077922078,0.5857385398981324,25.0,23,70,,,,,,,,
2025,13,Southern Illinois,455.0,0.0,6.148648648648648,1.0031631269769543,15.0,37,7,465.3333333333333,0.6666666666666666,6.814727951039571,1.448503906633288,49.666666666666664,38.666666666666664,36.0,36.0
2025,14,Southern Miss,304.0,1.0,4.606060606060606,0.6545454545454545,53.0,18,28,453.3333333333333,2.0,6.006975546975547,0.9831584482778486,60.0,25.333333333333332,34.666666666666664,34.666666666666664
2025,13,Southern Utah,436.0,1.0,6.507462686567164,1.350844277673546,75.0,36,34,429.3333333333333,0.6666666666666666,5.9166048925129715,0.7974897804102413,60.0,29.333333333333332,18.333333333333332,18.333333333333332
2022,8,Southwest Baptist,288.0,2.0,4.571428571428571,0.3179650238473768,25.0,10,24,,,,,,,,
2025,2,St. Anselm,193.0,1.0,3.574074074074074,0.23091725465041693,47.0,6,31,,,,,,,,
2025,13,St. Francis (PA),296.0,5.0,4.352941176470588,0.2763703362505758,27.0,10,20,270.6666666666667,2.0,4.10000879441178,0.33706025175762616,31.666666666666668,12.666666666666666,16.333333333333332,16.333333333333332
2025,13,St. Thomas (MN),229.0,4.0,3.523076923076923,0.22508038585209003,29.0,7,62,277.6666666666667,1.0,4.461981587822441,0.776599608837493,35.666666666666664,24.666666666666668,12.0,12.0
2023,1,St. Thomas University (Fl),582.0,1.0,7.461538461538462,1.099389228206552,118.0,33,34,,,,,,,,
2025,14,Stanford,312.0,1.0,4.457142857142857,0.6798866855524079,23.0,20,49,309.3333333333333,1.6666666666666667,4.621080680383868,0.7716896248678636,64.66666666666667,22.0,21.666666666666668,21.666666666666668
2025,15,Stephen F. Austin,502.0,0.0,7.492537313432836,1.5769230769230769,93.0,41,34,445.3333333333333,0.3333333333333333,6.55749099056002,1.5672591585790363,58.333333333333336,46.0,10.666666666666666,10.666666666666666
2025,13,Stetson,276.0,4.0,3.1724137931034484,0.2206896551724138,60.0,8,42,270.6666666666667,1.3333333333333333,4.078664531166582,0.558758751133151,43.333333333333336,18.0,41.666666666666664,41.666666666666664
2025,13,Stonehill,291.0,1.0,5.82,0.8397480755773268,49.0,20,10,238.0,1.0,4.216009014184084,0.481054318034829,51.333333333333336,13.666666666666666,26.666666666666668,26.666666666666668
2025,13,Stony Brook,392.0,0.0,4.6117647058823525,1.0638297872340425,71.0,35,28,383.0,0.6666666666666666,5.032503607503608,1.0739322517267003,35.333333333333336,28.666666666666668,23.333333333333332,23.333333333333332
2025,3,Sul Ross State,-21.0,3.0,-0.5675675675675675,0.0,17.0,0,63,74.0,1.0,1.6444444444444444,0.0,70.0,0.0,66.0,66.0
2025,14,Syracuse,254.0,0.0,4.305084745762712,0.36180904522613067,76.0,12,34,213.0,2.3333333333333335,3.1805281690140847,0.3042880633823223,43.0,9.0,45.0,45.0
2025,14,TCU,544.0,0.0,7.351351351351352,1.1868131868131868,45.0,45,23,385.3333333333333,3.0,5.6006610729722865,0.5608199378834205,53.333333333333336,15.666666666666666,26.0,26.0
2025,15,Tarleton State,437.0,1.0,5.986301369863014,0.8344549125168237,50.0,31,13,501.0,1.0,7.165798409360174,1.5295067799056252,46.0,44.666666666666664,25.0,25.0
2023,3,Taylor,348.0,1.0,5.2727272727272725,0.625,35.0,20,52,325.0,1.0,5.158730158730159,0.40247678018575855,20.0,13.0,41.0,41.0
2025,14,Temple,316.0,1.0,4.514285714285714,0.8055853920515574,45.0,25,52,235.0,0.6666666666666666,4.547132653768809,0.5261374815165122,40.0,13.333333333333334,32.0,32.0
2025,14,Tennessee,382.0,0.0,5.093333333333334,0.9593604263824118,60.0,24,45,440.3333333333333,1.6666666666666667,6.049785526497856,1.1655689996928864,35.0,33.333333333333336,17.666666666666668,17.666666666666668
2025,13,Tennessee State,285.0,1.0,4.672131147540983,0.19672131147540983,40.0,6,7,196.33333333333334,1.6666666666666667,3.473535353535354,0.4250107942412,62.333333333333336,11.333333333333334,30.333333333333332,30.333333333333332
2025,14,Tennessee Tech,302.0,6.0,4.026666666666666,0.2393617021276596,10.0,6,31,306.0,1.0,5.115902488316281,0.6168530366737649,34.333333333333336,17.0,22.666666666666668,22.666666666666668
2025,14,Texas,397.0,0.0,6.015151515151516,0.972972972972973,78.0,27,17,397.3333333333333,0.3333333333333333,6.668361581920904,1.1987299542578547,66.66666666666667,32.0,34.333333333333336,34.333333333333336
2025,14,Texas A&M,337.0,2.0,5.106060606060606,0.5271317829457365,62.0,17,27,480.6666666666667,2.3333333333333335,6.7193627450980395,1.17975827131219,58.333333333333336,39.0,15.666666666666666,15.666666666666666
2023,2,Texas College,108.0,4.0,1.9636363636363636,0.05994005994005994,15.0,2,70,,,,,,,,
2025,13,Texas Southern,386.0,0.0,5.594202898550725,0.6857142857142857,20.0,24,7,393.6666666666667,0.3333333333333333,5.694987238260949,0.7758987552812929,52.666666666666664,24.333333333333332,35.0,35.0
2025,14,Texas State,544.0,2.0,7.771428571428571,1.5900486749594376,68.0,49,26,466.3333333333333,1.0,7.164255245958032,1.3379541977568117,63.333333333333336,37.0,23.333333333333332,23.333333333333332
2025,15,Texas Tech,374.0,0.0,5.054054054054054,1.0658307210031348,35.0,34,7,479.6666666666667,0.6666666666666666,5.974109535066982,1.2864586829816986,58.666666666666664,42.0,5.333333333333333,5.333333333333333
2025,4,Texas Wesleyan,325.0,5.0,4.220779220779221,0.4229934924078091,20.0,13,61,,,,,,,,
2025,13,The Citadel,431.0,2.0,6.630769230769231,0.8125,75.0,26,28,328.0,1.0,5.1410101010101,0.5395984973338391,44.0,16.333333333333332,29.666666666666668,29.666666666666668
2025,2,Thomas More College,200.0,3.0,3.7037037037037037,0.0,70.0,0,38,191.0,5.0,3.1311475409836067,0.09036144578313252,20.0,3.0,49.0,49.0
2025,14,Toledo,411.0,1.0,6.737704918032787,0.73512252042007,70.0,21,3,386.3333333333333,1.6666666666666667,6.395087180316382,1.2797117528483148,81.66666666666667,34.666666666666664,5.0,5.0
2025,13,Towson,388.0,1.0,6.807017543859649,1.3761467889908257,35.0,35,31,384.6666666666667,1.0,6.402007228831105,1.282212749792354,67.66666666666667,36.0,18.666666666666668,18.666666666666668
2025,15,Troy,177.0,1.0,2.6417910447761193,0.47565118912797283,45.0,14,31,329.6666666666667,1.3333333333333333,4.641355443403028,0.6306697918886285,59.0,19.666666666666668,23.333333333333332,23.333333333333332
2025,2,Truman State,352.0,0.0,6.901960784313726,1.361344537815126,46.0,27,37,,,,,,,,
2025,15,Tulane,344.0,0.0,4.648648648648648,0.967741935483871,48.0,34,21,424.0,1.3333333333333333,6.174739997350291,1.0149533467003944,64.0,33.0,12.333333333333334,12.333333333333334
2025,14,Tulsa,357.0,2.0,5.578125,0.974949221394719,10.0,24,31,458.0,1.6666666666666667,5.9707862943157055,0.8831842127757771,49.0,26.0,26.333333333333332,26.333333333333332
2025,14,Tuskegee,358.0,3.0,5.774193548387097,0.717948717948718,30.0,21,58,109.0,0.0,2.725,0.0,36.0,0.0,30.0,30.0
2025,14,UAB,395.0,1.0,5.410958904109589,0.8761186999528968,27.0,31,24,391.6666666666667,2.3333333333333335,5.143892643745715,0.6102534524110333,67.0,19.666666666666668,41.666666666666664,41.666666666666664
2025,13,UAlbany,297.0,0.0,4.013513513513513,0.7945322511747117,59.0,31,24,267.3333333333333,1.6666666666666667,4.369802899394452,0.5980083964708278,53.333333333333336,16.666666666666668,33.333333333333336,33.333333333333336
2025,15,UC Davis,553.0,1.0,7.680555555555555,1.5452054794520547,25.0,47,26,426.0,2.0,6.1926749870869315,0.8592333267300925,42.333333333333336,25.333333333333332,26.333333333333332,26.333333333333332
2025,14,UCF,296.0,2.0,4.933333333333334,0.8445040214477212,34.0,21,41,302.6666666666667,2.0,4.967160232681121,0.6320208397339899,64.0,17.666666666666668,30.666666666666668,30.666666666666668
2025,14,UCLA,308.0,0.0,4.8125,0.30060120240480964,49.0,10,29,259.0,1.0,4.523658192090395,0.5480821314610062,46.666666666666664,15.0,41.333333333333336,41.333333333333336
2025,13,UConn,600.0,0.0,7.594936708860759,1.4784394250513346,105.0,48,45,396.0,0.3333333333333333,6.4499153079109774,1.1628944920691662,46.666666666666664,33.666666666666664,23.0,23.0
2025,14,UL Monroe,516.0,2.0,6.7894736842105265,0.8960176991150443,52.0,27,30,249.0,1.0,4.269417221711406,0.4333239279420387,76.0,11.333333333333334,29.333333333333332,29.333333333333332
2025,15,UNLV,409.0,1.0,5.680555555555555,0.7325581395348837,70.0,21,38,462.6666666666667,1.3333333333333333,7.219924619327604,1.1769557960383727,64.0,36.333333333333336,17.666666666666668,17.666666666666668
2025,14,USC,388.0,0.0,7.054545454545455,1.084788029925187,30.0,29,10,408.0,1.0,6.183697089947089,1.018834035743667,54.333333333333336,30.333333333333332,26.666666666666668,26.666666666666668
2025,13,UT Martin,252.0,0.0,3.876923076923077,0.48991354466858783,60.0,17,20,379.3333333333333,0.3333333333333333,5.566472205374468,0.6167452958966245,41.0,23.333333333333332,13.666666666666666,13.666666666666666
2025,13,UT Rio Grande Valley,312.0,0.0,5.473684210526316,1.1042944785276074,50.0,33,14,324.0,1.0,5.927947061032621,0.9919955280486329,42.666666666666664,24.333333333333332,25.0,25.0
2025,14,UTEP,370.0,6.0,5.0,1.151702786377709,80.0,31,61,336.3333333333333,0.6666666666666666,5.244874958354156,1.1026769033023047,54.666666666666664,27.333333333333332,34.0,34.0
2025,14,UTSA,386.0,1.0,5.848484848484849,0.8927464352138872,32.0,24,27,453.3333333333333,1.3333333333333333,5.984706413730804,1.0073213490875639,52.0,36.333333333333336,28.666666666666668,28.666666666666668
2024,2,UVA Wise,113.0,2.0,1.9152542372881356,0.0,65.0,0,61,,,,,,,,
2025,1,Upper Iowa University,219.0,3.0,4.659574468085107,0.28629856850715746,45.0,7,41,,,,,,,,
2025,14,Utah,414.0,1.0,7.392857142857143,1.3449023861171365,65.0,31,21,504.6666666666667,1.0,6.820083400591876,1.63730738520054,33.0,50.333333333333336,29.666666666666668,29.666666666666668
2025,14,Utah State,405.0,1.0,6.136363636363637,1.0419681620839363,91.0,24,25,453.0,0.6666666666666666,5.975376895883225,1.1198020967048574,58.333333333333336,35.0,20.0,20.0
2025,13,Utah Tech,197.0,2.0,3.581818181818182,0.4354136429608128,56.0,10,33,332.0,3.0,5.089381559999691,0.5182039854219417,56.333333333333336,14.666666666666666,29.0,29.0
2025,13,VMI,278.0,1.0,4.028985507246377,0.18848167539267016,63.0,6,48,311.6666666666667,1.6666666666666667,5.07416816252604,0.5719639327545902,57.333333333333336,16.0,39.666666666666664,39.666666666666664
2025,7,Valdosta State,152.0,1.0,2.533333333333333,0.4886561954624782,49.0,14,38,,,,,,,,
2025,13,Valparaiso,326.0,2.0,6.150943396226415,0.759974667511083,44.0,20,27,286.6666666666667,2.0,5.194115423259726,0.958444330650622,45.0,24.333333333333332,39.0,39.0
2025,14,Vanderbilt,579.0,2.0,8.907692307692308,1.2863268222963316,51.0,45,24,523.6666666666666,1.0,7.82008726819386,1.23155756200717,53.666666666666664,40.333333333333336,29.666666666666668,29.666666666666668
2025,15,Villanova,235.0,0.0,4.2727272727272725,0.5243445692883896,65.0,14,7,469.0,0.3333333333333333,7.177652977652978,1.1232748139580877,43.333333333333336,38.666666666666664,14.666666666666666,14.666666666666666
2025,15,Virginia,344.0,2.0,4.9855072463768115,0.78125,40.0,20,27,415.6666666666667,1.6666666666666667,5.56689175533302,0.6647959577739444,41.666666666666664,23.333333333333332,13.333333333333334,13.333333333333334
2025,2,Virginia St,440.0,0.0,5.945945945945946,1.013623978201635,97.0,31,34,,,,,,,,
2025,14,Virginia Tech,197.0,2.0,4.191489361702128,0.30346820809248554,44.0,7,27,332.6666666666667,1.0,5.45931740298231,0.5638923429367857,60.0,15.666666666666666,32.0,32.0
2024,2,Virginia Union,282.0,1.0,6.266666666666667,1.003184713375796,42.0,21,33,,,,,,,,
2025,11,Virginia University Of Lynchburg,261.0,3.0,3.782608695652174,0.3605769230769231,65.0,10,56,181.5,3.0,3.322058823529412,0.29832625449702366,66.5,8.0,55.5,55.5
2025,13,Wagner,248.0,1.0,3.9365079365079363,0.555858310626703,30.0,17,24,262.6666666666667,1.0,4.501216491841492,0.812762691219706,42.333333333333336,22.333333333333332,18.0,18.0
2025,14,Wake Forest,466.0,4.0,6.213333333333333,1.26232741617357,97.0,32,49,398.0,1.0,6.419097222222223,1.1228674858234715,44.0,32.0,11.666666666666666,11.666666666666666
2025,2,Warner University,295.0,2.0,3.9864864864864864,0.40859088528025145,61.0,13,59,,,,,,,,
2025,14,Washington,283.0,2.0,4.492063492063492,0.559254327563249,39.0,14,26,394.3333333333333,1.6666666666666667,6.070225249464254,1.1054809222141415,51.0,35.666666666666664,13.333333333333334,13.333333333333334
2025,14,Washington State,383.0,2.0,6.17741935483871,1.1201866977829638,77.0,32,8,291.6666666666667,1.0,4.584688642406115,0.5379625455496743,75.0,18.333333333333332,12.333333333333334,12.333333333333334
2025,1,Webber International,191.0,0.0,3.6037735849056602,1.12590799031477,44.0,31,21,,,,,,,,
2025,13,Weber State,474.0,1.0,7.074626865671642,1.5031315240083507,50.0,48,28,279.6666666666667,2.0,4.28889880952381,0.34328846079076697,49.333333333333336,11.333333333333334,45.0,45.0
2025,12,West Georgia,378.0,1.0,5.478260869565218,0.710241893978384,35.0,23,0,333.0,2.0,5.003359118113216,0.5898341004002122,61.0,17.333333333333332,26.333333333333332,26.333333333333332
2025,3,West Liberty,282.0,3.0,4.2727272727272725,0.44871794871794873,25.0,14,28,,,,,,,,
2025,14,West Virginia,180.0,2.0,3.3333333333333335,0.0,70.0,0,49,397.6666666666667,1.3333333333333333,5.314391534391535,1.087441680613953,63.666666666666664,32.333333333333336,27.333333333333332,27.333333333333332
2024,4,West Virginia Wesleyan,160.0,2.0,2.857142857142857,0.0,58.0,0,35,,,,,,,,
2025,13,Western Carolina,519.0,0.0,6.407407407407407,1.7041420118343193,64.0,48,6,494.6666666666667,0.6666666666666666,6.357115483408893,1.4429806570699757,74.0,39.0,43.0,43.0
2025,7,Western Connecticut St,114.0,3.0,2.4782608695652173,0.0,15.0,0,69,,,,,,,,
2025,13,Western Illinois,336.0,0.0,4.8,0.849609375,65.0,29,24,316.0,0.6666666666666666,4.693235653235653,0.7192152170500204,42.333333333333336,19.333333333333332,19.666666666666668,19.666666666666668
2025,14,Western Kentucky,384.0,2.0,6.295081967213115,1.1888111888111887,63.0,34,37,407.6666666666667,1.6666666666666667,5.298474521259332,0.8980221607953843,34.333333333333336,29.0,18.333333333333332,18.333333333333332
2025,15,Western Michigan,397.0,0.0,5.753623188405797,0.6518658478979689,37.0,23,13,369.0,0.3333333333333333,5.895220588235294,0.8458506096295858,34.0,27.666666666666668,17.666666666666668,17.666666666666668
2022,4,Western New Mexico,167.0,1.0,3.036363636363636,0.347970173985087,51.0,7,34,,,,,,,,
2025,3,Western Oregon,328.0,2.0,4.753623188405797,0.22556390977443608,90.0,7,56,,,,,,,,
2024,1,Wheeling,349.0,1.0,5.5396825396825395,0.9752925877763329,32.0,25,28,,,,,,,,
2025,13,William & Mary,194.0,1.0,3.4035087719298245,0.7329842931937173,85.0,21,28,459.6666666666667,0.6666666666666666,6.291461179831298,1.2777611877672066,47.666666666666664,40.666666666666664,16.0,16.0
2022,9,William Jewell,465.0,4.0,5.7407407407407405,0.7356076759061834,45.0,23,64,,,,,,,,
2022,2,Wilson,270.0,2.0,4.5,0.5902777777777778,19.0,17,37,,,,,,,,
2024,2,Winston-Salem,287.0,0.0,4.948275862068965,0.7058823529411765,35.0,20,27,,,,,,,,
2025,14,Wisconsin,268.0,3.0,4.872727272727273,0.23755656108597287,9.0,7,17,224.66666666666666,0.6666666666666666,3.996291467477908,0.5112441514014785,26.666666666666668,15.666666666666666,17.0,17.0
2025,13,Wofford,371.0,0.0,7.134615384615385,1.3513513513513513,60.0,35,13,355.6666666666667,1.0,5.519189412737799,1.0307318223376563,61.666666666666664,31.333333333333332,13.333333333333334,13.333333333333334
2025,14,Wyoming,256.0,1.0,3.9384615384615387,0.24110218140068884,35.0,7,27,196.33333333333334,1.6666666666666667,3.162679211469534,0.21026265173320136,63.0,5.666666666666667,20.333333333333332,20.333333333333332
2025,15,Yale,351.0,4.0,4.68,0.3832923832923833,20.0,13,21,390.3333333333333,1.6666666666666667,5.6959727287141275,1.0355304205768865,56.666666666666664,33.666666666666664,26.666666666666668,26.666666666666668
2025,14,Youngstown State,491.0,1.0,8.322033898305085,1.6174582798459565,88.0,42,43,515.6666666666666,0.3333333333333333,7.659640905542545,1.3074138723142867,46.666666666666664,43.666666666666664,33.0,33.0
