year,week,team,yards,turnovers,ypp,ppm,pen_yds,pts_scored,pts_allowed,roll_yards,roll_turnovers,roll_ypp,roll_ppm,roll_pen_yds,roll_pts_scored,roll_pts_allowed,opp_def_strength
2022,1,Bloomsburg,228.0,0.0,3.4029850746268657,0.9594882729211087,59.0,30,33,,,,,,,,
2022,1,La Verne,108.0,2.0,1.8305084745762712,0.0,48.0,0,58,,,,,,,,
2022,1,Limestone,347.0,1.0,5.88135593220339,0.8873239436619718,114.0,21,56,,,,,,,,
2022,1,Mars Hill,263.0,3.0,3.8115942028985508,0.24165707710011508,60.0,7,44,,,,,,,,
2022,2,Assumption,239.0,3.0,3.6769230769230767,0.5340314136125655,42.0,17,45,,,,,,,,
2022,2,Barton,270.0,2.0,4.5,0.5902777777777778,19.0,17,37,,,,,,,,
2022,2,Michigan Tech,152.0,1.0,2.4918032786885247,0.20954598370197905,50.0,6,32,,,,,,,,
2022,2,Missouri S&T,169.0,2.0,2.816666666666667,0.6653620352250489,60.0,17,14,,,,,,,,
2022,3,Eastern New Mexico,113.0,3.0,1.7384615384615385,0.23544800523217788,40.0,6,41,,,,,,,,
2022,3,Keiser University,308.0,2.0,3.8987341772151898,0.08450704225352113,35.0,3,37,,,,,,,,
2022,4,Mississippi College,324.0,2.0,5.0625,0.463004993191103,30.0,17,32,,,,,,,,
2022,4,Western New Mexico,167.0,1.0,3.036363636363636,0.347970173985087,51.0,7,34,,,,,,,,
2022,8,Faulkner University,157.0,0.0,2.532258064516129,0.0,15.0,0,70,,,,,,,,
2022,8,Southwest Baptist,288.0,2.0,4.571428571428571,0.3179650238473768,25.0,10,24,,,,,,,,
2022,9,William Jewell,465.0,4.0,5.7407407407407405,0.7356076759061834,45.0,23,64,,,,,,,,
2023,1,St. Thomas University (Fl),582.0,1.0,7.461538461538462,1.099389228206552,118.0,33,34,,,,,,,,
2023,2,Texas College,108.0,4.0,1.9636363636363636,0.05994005994005994,15.0,2,70,,,,,,,,
2023,3,Florida Memorial University,445.0,5.0,5.632911392405063,0.6068965517241379,61.0,22,58,,,,,,,,
2023,3,Taylor,348.0,1.0,5.2727272727272725,0.625,35.0,20,52,325.0,1.0,5.158730158730159,0.40247678018575855,20.0,13.0,41.0,41.0
2023,4,St. Andrews,90.0,2.0,2.3684210526315788,0.234375,35.0,6,84,,,,,,,,
2023,12,Post,305.0,2.0,5.258620689655173,0.6461538461538462,30.0,21,48,,,,,,,,
2024,1,North American,40.0,1.0,0.975609756097561,0.0,20.0,0,77,,,,,,,,
2024,1,Northern State,207.0,3.0,3.9056603773584904,0.09399477806788512,52.0,3,45,,,,,,,,
2024,1,Sioux Falls,394.0,1.0,4.690476190476191,0.8395061728395061,32.0,34,13,,,,,,,,
2024,1,Wheeling,349.0,1.0,5.5396825396825395,0.9752925877763329,32.0,25,28,,,,,,,,
2024,2,Catawba,330.0,2.0,5.409836065573771,0.5353728489483748,59.0,14,49,,,,,,,,
2024,2,Edinboro,258.0,1.0,3.7941176470588234,0.6028833551769331,5.0,23,21,,,,,,,,
2024,2,Virginia Union,282.0,1.0,6.266666666666667,1.003184713375796,42.0,21,33,,,,,,,,
2024,3,Augustana (SD),171.0,1.0,3.0,0.10613207547169812,40.0,3,24,,,,,,,,
2024,3,Black Hills State,229.0,2.0,3.634920634920635,0.5137614678899083,35.0,14,24,,,,,,,,
2024,3,Georgetown College Kentucky,322.0,0.0,5.193548387096774,0.5345211581291759,5.0,16,24,,,,,,,,
2024,3,Indiana Wesleyan,185.0,1.0,4.868421052631579,1.476121562952243,12.0,17,20,,,,,,,,
2024,3,North Greenville,229.0,2.0,3.693548387096774,0.0,85.0,0,54,,,,,,,,
2024,4,Ave Maria University,200.0,0.0,4.166666666666667,0.268370607028754,30.0,7,49,174.0,2.0,3.2830188679245285,0.10089686098654709,30.0,3.0,41.0,41.0
2024,4,West Virginia Wesleyan,160.0,2.0,2.857142857142857,0.0,58.0,0,35,,,,,,,,
2024,5,Frostburg State,391.0,1.0,6.015384615384615,0.7274490785645005,55.0,25,24,,,,,,,,
2024,6,Buffalo State,166.0,1.0,3.074074074074074,0.0,20.0,0,55,,,,,,,,
2024,8,Shorter,210.0,0.0,3.28125,0.35681610247026535,52.0,13,41,,,,,,,,
2025,1,Allen,416.0,0.0,5.621621621621622,0.9935897435897436,0.0,31,38,,,,,,,,
2025,1,Chadron State,333.0,1.0,5.203125,0.09564293304994687,60.0,3,17,,,,,,,,
2025,1,Cumberland (TN),104.0,1.0,1.8909090909090909,0.0,39.0,0,65,,,,,,,,
2025,1,McKendree,325.0,3.0,4.113924050632911,0.8008898776418243,20.0,24,41,,,,,,,,
2025,1,Upper Iowa,219.0,3.0,4.659574468085107,0.28629856850715746,45.0,7,41,,,,,,,,
2025,1,Webber International,191.0,0.0,3.6037735849056602,1.12590799031477,44.0,31,21,,,,,,,,
2025,2,Adrian,283.0,1.0,4.492063492063492,0.3287671232876712,35.0,10,7,,,,,,,,
2025,2,American International,200.0,1.0,3.508771929824561,0.2073050345508391,48.0,7,34,,,,,,,,
2025,2,Ferrum,187.0,1.0,3.1166666666666667,0.20517830972154372,60.0,7,42,,,,,,,,
2025,2,Saint Anselm,193.0,1.0,3.574074074074074,0.23091725465041693,47.0,6,31,,,,,,,,
2025,2,Truman State,352.0,0.0,6.901960784313726,1.361344537815126,46.0,27,37,,,,,,,,
2025,2,Warner,295.0,2.0,3.9864864864864864,0.40859088528025145,61.0,13,59,,,,,,,,
2025,3,Bentley,194.0,1.0,3.3448275862068964,0.20361990950226244,122.0,6,42,,,,,,,,
2025,3,Erskine,209.0,1.0,4.543478260869565,0.614484272128749,69.0,14,42,,,,,,,,
2025,3,Fayetteville State,234.0,2.0,4.415094339622642,0.6525472238122496,86.0,19,49,,,,,,,,
2025,3,Hanover,158.0,0.0,2.8214285714285716,0.2581438229870928,20.0,7,16,,,,,,,,
2025,3,Langston,179.0,3.0,2.712121212121212,0.0,68.0,0,80,97.0,3.0,1.830188679245283,0.30523255813953487,41.0,7.0,55.0,55.0
2025,3,Sul Ross State,-21.0,3.0,-0.5675675675675675,0.0,17.0,0,63,74.0,1.0,1.6444444444444444,0.0,70.0,0.0,66.0,66.0
2025,3,West Liberty,282.0,3.0,4.2727272727272725,0.44871794871794873,25.0,14,28,,,,,,,,
2025,3,Western Oregon,328.0,2.0,4.753623188405797,0.22556390977443608,90.0,7,56,,,,,,,,
2025,4,BLUEFIELD,160.0,3.0,2.711864406779661,0.09693053311793215,95.0,3,76,,,,,,,,
2025,4,Greensboro,293.0,6.0,4.013698630136986,0.0,57.0,0,48,,,,,,,,
2025,4,Saginaw Valley State,390.0,1.0,5.416666666666667,0.9480812641083521,166.0,28,35,,,,,,,,
2025,6,Pace,233.0,2.0,4.480769230769231,0.49266862170087977,74.0,14,28,,,,,,,,
2025,7,Valdosta State,152.0,1.0,2.533333333333333,0.4886561954624782,49.0,14,38,,,,,,,,
2025,7,Western Connecticut State,114.0,3.0,2.4782608695652173,0.0,15.0,0,69,,,,,,,,
2025,9,Lincoln (CA),63.0,2.0,2.52,0.0,15.0,0,38,210.33333333333334,3.0,3.3471347861178367,0.0,66.66666666666667,0.0,60.333333333333336,60.333333333333336
2025,13,Saint Francis,296.0,5.0,4.352941176470588,0.2763703362505758,27.0,10,20,270.6666666666667,2.0,4.10000879441178,0.33706025175762616,31.666666666666668,12.666666666666666,16.333333333333332,16.333333333333332
2026,1,Albany State,163.0,1.0,2.76271186440678,0.2029966167230546,15.0,7,20,,,,,,,,
2026,1,Anderson (SC),160.0,1.0,2.962962962962963,0.10398613518197573,18.0,3,20,,,,,,,,
2026,1,Central Washington,430.0,2.0,5.584415584415584,0.4709141274238227,35.0,17,24,,,,,,,,
2026,1,Clark Atlanta,224.0,0.0,4.072727272727272,0.2697495183044316,38.0,7,49,,,,,,,,
2026,1,Concord,467.0,0.0,7.412698412698413,1.7385159010600708,92.0,41,35,,,,,,,,
2026,1,Edward Waters,231.0,0.0,3.9152542372881354,0.5103280680437424,45.0,14,66,,,,,,,,
2026,1,Elizabeth City State,145.0,2.0,2.685185185185185,0.20489470688673875,104.0,6,27,,,,,,,,
2026,1,Fairmont State,344.0,4.0,5.212121212121212,0.7071302298173247,64.0,20,43,,,,,,,,
2026,1,Franklin Pierce,270.0,1.0,4.21875,0.6139852188743604,15.0,18,27,,,,,,,,
2026,1,Kentucky State,378.0,1.0,5.108108108108108,0.460122699386503,15.0,15,34,,,,,,,,
2026,1,Lane College,182.0,2.0,3.033333333333333,0.0,40.0,0,34,,,,,,,,
2026,1,Miles,232.0,1.0,4.142857142857143,0.2332037756801777,72.0,7,56,329.0,0.0,4.838235294117647,0.7022900763358778,119.0,23.0,38.0,38.0
2026,1,Morehouse,376.0,2.0,4.947368421052632,0.43186180422264875,80.0,15,35,,,,,,,,
2026,1,Northwestern (IA),164.0,3.0,3.0943396226415096,0.5936395759717314,35.0,14,65,,,,,,,,
2026,1,Ohio Dominican,506.0,1.0,5.816091954022989,1.5153337342152737,60.0,42,40,,,,,,,,
2026,1,Oklahoma Panhandle,157.0,1.0,2.9622641509433962,0.4272634791454731,50.0,14,76,,,,,,,,
2026,1,Roosevelt,389.0,1.0,6.174603174603175,1.7120622568093387,46.0,44,28,,,,,,,,
2026,1,Savannah State,117.0,3.0,2.0526315789473686,0.0,75.0,0,87,,,,,,,,
2026,1,South Dakota Mines,527.0,1.0,6.426829268292683,1.0580046403712298,40.0,38,35,,,,,,,,
2026,1,Southern Connecticut State,146.0,1.0,2.92,0.2648171500630517,26.0,7,31,,,,,,,,
2026,1,Texas Wesleyan,187.0,1.0,2.9682539682539684,0.0,29.0,0,52,,,,,,,,
2026,1,Tusculum,321.0,0.0,5.015625,0.38095238095238093,65.0,14,48,,,,,,,,
2026,1,UT Permian Basin,165.0,3.0,3.4375,0.0,20.0,0,44,,,,,,,,
2026,1,UVA Wise,472.0,3.0,6.555555555555555,1.4258188824662814,81.0,37,47,,,,,,,,
2026,1,West Virginia State,310.0,1.0,4.696969696969697,0.3389830508474576,54.0,9,29,,,,,,,,
2026,1,Winona State,260.0,1.0,4.482758620689655,0.29867256637168144,18.0,9,15,,,,,,,,
2026,1,Winston-Salem State,106.0,3.0,2.3043478260869565,0.0,69.0,0,56,,,,,,,,
2026,2,Air Force,386.0,1.0,5.848484848484849,1.0350404312668464,55.0,32,38,450.0,0.0,5.769230769230769,0.8326530612244898,60.0,34.0,0.0,0.0
2026,2,Alabama State,221.0,1.0,3.810344827586207,0.6276923076923078,30.0,17,34,314.5,0.5,5.499690689761831,1.258679451716753,70.0,32.0,8.5,8.5
2026,2,Arkansas Baptist,106.0,2.0,1.606060606060606,0.0,71.0,0,88,,,,,,,,
2026,2,Army,347.0,1.0,5.596774193548387,0.6710158434296366,45.0,24,28,648.0,0.0,9.257142857142858,1.7896865520728007,25.0,59.0,3.0,3.0
2026,2,Central Oklahoma,320.0,6.0,5.0,0.6980802792321117,51.0,20,59,,,,,,,,
2026,2,Dickinson,265.0,0.0,4.274193548387097,0.658307210031348,20.0,14,28,,,,,,,,
2026,2,Drake,325.0,5.0,4.113924050632911,0.5511811023622047,56.0,14,56,428.0,2.0,5.575825946817083,0.9118287838011021,45.0,22.5,41.5,41.5
2026,2,Franklin,235.0,5.0,4.7,0.0,18.0,0,52,,,,,,,,
2026,2,Grambling,210.0,2.0,3.9622641509433962,0.23001095290251916,54.0,7,63,565.5,1.5,8.025834658187598,1.4427847486965946,66.5,48.5,16.5,16.5
2026,2,Hawai'i,420.0,1.0,5.833333333333333,0.900155199172271,37.0,29,19,308.0,1.0,4.109886201991465,0.5574240192796893,45.0,16.5,29.0,29.0
2026,2,Howard,57.0,1.0,1.2127659574468086,0.0,51.0,0,55,338.0,1.5,4.699633699633699,0.8115778860695682,71.0,26.0,26.0,26.0
2026,2,Idaho State,640.0,0.0,11.228070175438596,2.393509127789047,25.0,59,17,347.5,1.0,5.459573412698413,1.307697829676246,56.0,33.5,13.5,13.5
2026,2,Kentucky Christian,229.0,4.0,3.523076923076923,0.23755656108597287,35.0,7,78,326.0,3.0,5.719298245614035,0.8460634547591069,100.0,24.0,75.0,75.0
2026,2,Lamar,303.0,2.0,5.509090909090909,0.8009286128845038,48.0,23,17,241.5,2.0,3.8143939393939394,0.4644969173342281,48.5,14.0,26.0,26.0
2026,2,Lincoln (PA),345.0,1.0,5.0,0.690846286701209,68.0,20,31,,,,,,,,
2026,2,Lindenwood,223.0,2.0,4.12962962962963,0.5419354838709678,84.0,14,48,338.0,0.0,5.120757330870469,0.799905535806847,55.0,26.0,26.5,26.5
2026,2,Marist,359.0,0.0,5.202898550724638,0.2529274004683841,70.0,9,13,271.0,1.0,4.922463768115942,0.8738625701985536,38.5,24.0,20.0,20.0
2026,2,Navy,393.0,2.0,6.661016949152542,1.1464968152866242,70.0,30,38,527.0,0.0,6.670886075949367,1.0543933054393304,55.0,42.0,15.0,15.0
2026,2,New Mexico State,380.0,3.0,5.757575757575758,0.6838632273545291,40.0,19,29,424.5,0.5,6.493589743589743,1.1708867519941037,70.0,34.0,24.0,24.0
2026,2,Northern Michigan,328.0,4.0,4.823529411764706,0.43956043956043955,50.0,14,56,,,,,,,,
2026,2,Robert Morris,194.0,2.0,3.9591836734693877,0.4037685060565276,10.0,10,45,356.0,1.0,5.5625,0.8474798530426896,45.0,28.5,8.0,8.0
2026,2,Samford,320.0,1.0,4.266666666666667,0.632630410654828,15.0,19,45,254.5,1.0,4.201833607006021,0.5125698887608561,32.0,14.0,22.0,22.0
2026,2,Tennessee Tech,409.0,0.0,7.574074074074074,1.5016685205784206,155.0,45,19,316.0,1.0,4.648102402874467,0.8431416564433192,73.0,31.0,11.5,11.5
2026,2,Texas Southern,211.0,2.0,3.403225806451613,0.27322404371584696,112.0,10,51,390.0,2.0,6.264935064935065,0.9589465642252749,96.5,28.0,41.0,41.0
2026,2,The Citadel,308.0,1.0,4.338028169014085,0.5853658536585367,35.0,20,26,375.5,1.5,5.71808143547274,0.9222140162478293,30.0,28.5,41.5,41.5
2026,2,Thomas More,222.0,2.0,4.352941176470588,0.3012912482065997,16.0,7,30,,,,,,,,
2026,2,UNLV,301.0,4.0,4.180555555555555,0.21621621621621623,64.0,6,44,412.0,0.0,5.89499896244034,0.6748391753890576,67.0,21.0,16.5,16.5
2026,2,Virginia State,114.0,5.0,2.326530612244898,0.0,74.0,0,66,,,,,,,,
2026,3,Abilene Christian,392.0,0.0,6.030769230769231,1.2940557601262492,58.0,41,39,284.0,1.6666666666666667,4.597743698219637,0.36451313023655146,59.333333333333336,10.333333333333334,26.666666666666668,26.666666666666668
2026,3,Akron,221.0,2.0,3.683333333333333,0.2699228791773779,74.0,7,41,414.0,1.0,5.842089371980677,0.9000377192819733,51.5,30.5,24.0,24.0
2026,3,Alabama,567.0,0.0,8.590909090909092,1.5560165975103735,55.0,50,36,415.0,2.0,5.728395061728396,1.3152661932942702,37.0,46.5,13.5,13.5
2026,3,Alabama A&M,538.0,0.0,8.819672131147541,1.7578125,65.0,45,3,442.6666666666667,1.0,7.11542288557214,1.1180729090691444,79.66666666666667,30.666666666666668,19.0,19.0
2026,3,Alcorn State,374.0,1.0,4.734177215189874,0.6586169045005489,88.0,20,38,444.0,2.3333333333333335,5.795380713399169,1.2509771465405486,72.66666666666667,37.333333333333336,35.666666666666664,35.666666666666664
2026,3,App State,435.0,2.0,5.723684210526316,0.7768924302788844,98.0,26,21,521.5,0.5,7.243055555555555,1.2035238131050416,55.0,41.0,13.5,13.5
2026,3,Arizona,441.0,1.0,6.890625,1.3846153846153846,50.0,42,17,423.5,2.0,6.24820788530466,0.7958285824925242,42.5,26.0,17.5,17.5
2026,3,Arizona State,228.0,0.0,3.4545454545454546,0.7817589576547231,65.0,24,17,525.0,2.5,7.724346076458753,1.5070908793285613,42.0,45.0,27.5,27.5
2026,3,Arkansas,300.0,1.0,4.838709677419355,0.6986301369863014,42.0,17,45,360.0,2.0,4.476817042606516,0.530739995528728,65.0,20.5,28.5,28.5
2026,3,Arkansas State,261.0,0.0,4.833333333333333,0.27522935779816515,10.0,7,31,412.5,2.5,7.107790663098424,1.2044532172058906,48.5,38.0,24.5,24.5
2026,3,Arkansas-Pine Bluff,502.0,2.0,8.655172413793103,1.4686567164179103,64.0,41,35,336.3333333333333,1.3333333333333333,5.981700502528056,1.2032920616894869,56.0,33.333333333333336,40.666666666666664,40.666666666666664
2026,3,Auburn,373.0,1.0,5.651515151515151,1.8810289389067523,65.0,39,44,499.5,2.0,6.190162907268171,0.9646209203824325,60.0,30.0,12.0,12.0
2026,3,Austin Peay,384.0,0.0,6.193548387096774,1.2527472527472527,50.0,38,16,451.3333333333333,0.6666666666666666,7.710133710234665,1.2401815371633094,33.333333333333336,35.666666666666664,17.333333333333332,17.333333333333332
2026,3,BYU,559.0,2.0,9.637931034482758,1.2275449101796407,74.0,41,23,443.0,0.0,7.089810924369749,1.4708794356631234,52.5,45.5,12.0,12.0
2026,3,Ball State,261.0,1.0,4.660714285714286,0.5353955978584176,107.0,15,51,323.5,1.0,4.919117647058823,0.6719026196718151,57.0,22.0,36.5,36.5
2026,3,Baylor,418.0,2.0,6.147058823529412,1.2996389891696751,90.0,36,19,494.0,2.5,5.487734487734487,0.8860568284810227,62.5,30.0,10.0,10.0
2026,3,Bethune-Cookman,655.0,1.0,7.7976190476190474,1.7971014492753623,142.0,62,3,251.0,1.0,3.868627450980392,0.8613951349982838,67.5,24.5,45.5,45.5
2026,3,Boise State,533.0,2.0,6.746835443037975,0.9636517328825022,39.0,38,24,426.0,0.0,5.961025641025641,0.8989904804768659,56.0,32.5,27.0,27.0
2026,3,Boston College,359.0,2.0,5.983333333333333,0.7370184254606365,48.0,22,16,395.0,2.5,5.952616213788457,0.7892273098367463,32.5,21.5,27.5,27.5
2026,3,Bowie State,165.0,0.0,3.173076923076923,0.0872093023255814,48.0,3,45,287.0,2.0,4.555555555555555,0.1775147928994083,15.0,6.0,21.0,21.0
2026,3,Bowling Green,186.0,2.0,3.576923076923077,0.2575107296137339,42.0,7,55,267.5,2.0,4.491759950248756,0.3099375226201748,57.0,10.0,38.0,38.0
2026,3,Brown,422.0,3.0,5.861111111111111,0.6093189964157706,34.0,17,10,,,,,,,,
2026,3,Bryant,302.0,1.0,4.870967741935484,0.6807131280388978,65.0,21,14,272.0,0.0,4.348846960167715,0.6716297579942804,57.333333333333336,19.333333333333332,22.666666666666668,22.666666666666668
2026,3,Bucknell,124.0,1.0,2.5306122448979593,0.3442622950819672,41.0,7,20,278.0,0.3333333333333333,4.495444368211374,0.47593397093231243,33.333333333333336,14.666666666666666,18.333333333333332,18.333333333333332
2026,3,Buffalo,173.0,2.0,2.746031746031746,0.45428072218986604,30.0,13,55,324.0,2.0,4.458333333333334,0.6683087173398778,74.0,20.5,25.0,25.0
2026,3,Butler,366.0,0.0,5.809523809523809,1.4476386036960984,40.0,47,20,392.5,0.0,5.7445542331012796,1.037215184677278,33.0,38.0,25.5,25.5
2026,3,Cal Poly,384.0,1.0,7.384615384615385,1.447277739490007,20.0,35,38,413.3333333333333,0.6666666666666666,5.946000938160595,0.955422337802478,34.0,27.333333333333332,27.0,27.0
2026,3,California,626.0,2.0,8.816901408450704,1.5376569037656904,80.0,49,7,329.5,1.5,4.43132183908046,0.7511141308543986,73.0,22.5,31.5,31.5
2026,3,Campbell,574.0,2.0,8.830769230769231,1.3628988642509465,85.0,42,14,417.3333333333333,1.6666666666666667,5.578625002292274,0.7873872201681268,65.66666666666667,26.666666666666668,36.0,36.0
2026,3,Central Arkansas,266.0,2.0,4.092307692307692,0.3,35.0,9,27,454.0,1.3333333333333333,7.134526504433126,1.1910301651028639,47.0,36.333333333333336,28.666666666666668,28.666666666666668
2026,3,Central Connecticut,355.0,1.0,5.461538461538462,0.9174311926605504,66.0,30,35,194.5,0.5,3.1514008620689653,0.499426693617977,19.5,15.0,61.0,61.0
2026,3,Central Michigan,371.0,0.0,5.621212121212121,0.670391061452514,40.0,24,10,212.5,2.5,3.7425595238095237,0.3543185379141973,73.0,10.0,24.0,24.0
2026,3,Central State,484.0,1.0,6.54054054054054,1.0909090909090908,95.0,35,41,386.0,1.0,6.433333333333334,0.9695463020509634,27.0,26.0,48.0,48.0
2026,3,Charleston Southern,582.0,1.0,10.777777777777779,2.0624008461131678,69.0,65,0,206.66666666666666,1.6666666666666667,3.3788135593220336,0.5414196674547196,36.666666666666664,14.333333333333334,23.666666666666668,23.666666666666668
2026,3,Charlotte,247.0,2.0,4.116666666666666,0.7914572864321607,54.0,21,26,430.0,1.5,6.274479397430217,0.7985453953550316,37.0,25.0,42.0,42.0
2026,3,Chattanooga,356.0,0.0,5.933333333333334,1.1111111111111112,35.0,41,7,270.0,1.0,4.532802226337812,0.54972882654046,52.0,16.666666666666668,18.666666666666668,18.666666666666668
2026,3,Chicago State,301.0,3.0,5.189655172413793,0.7263922518159805,44.0,20,47,386.0,1.0,5.763584658865298,1.199682855193317,72.66666666666667,37.666666666666664,31.0,31.0
2026,3,Cincinnati,446.0,1.0,5.868421052631579,1.0468594217347957,40.0,35,31,514.5,0.0,7.091188524590164,1.5431130134617104,87.0,48.0,12.5,12.5
2026,3,Clemson,401.0,2.0,6.075757575757576,1.057934508816121,25.0,28,20,246.0,1.5,3.8550112612612617,0.5566467604441534,70.5,16.0,29.0,29.0
2026,3,Coastal Carolina,385.0,2.0,6.311475409836065,0.5023923444976076,30.0,14,22,442.5,1.0,6.653645833333334,1.1954388901848318,55.0,34.5,19.0,19.0
2026,3,Colgate,374.0,2.0,4.986666666666666,0.49771878888428045,57.0,20,7,365.0,2.6666666666666665,5.691103565365026,0.7742020754727762,63.333333333333336,23.0,12.333333333333334,12.333333333333334
2026,3,Colorado,348.0,4.0,5.612903225806452,0.3028118240807498,80.0,7,41,442.5,1.0,5.978640951694304,1.0692439660451893,83.5,33.0,17.0,17.0
2026,3,Colorado State,302.0,1.0,4.6461538461538465,0.8646616541353384,25.0,23,41,537.0,0.5,7.868267358857884,1.6830723960030065,28.0,46.5,18.5,18.5
2026,3,Columbia,524.0,1.0,6.894736842105263,1.2435233160621764,88.0,40,34,,,,,,,,
2026,3,Cornell,238.0,3.0,4.327272727272727,0.35323801513877207,44.0,7,20,,,,,,,,
2026,3,Dartmouth,324.0,1.0,5.491525423728813,0.7092198581560284,58.0,20,24,,,,,,,,
2026,3,Davidson,451.0,0.0,6.094594594594595,0.8031730292513634,50.0,27,24,349.0,1.6666666666666667,4.560097194897113,0.561329988144799,35.333333333333336,21.0,31.0,31.0
2026,3,Dayton,302.0,0.0,4.6461538461538465,0.5388272583201268,75.0,17,14,426.5,1.5,6.228979940247546,1.0858552774190107,48.5,36.5,13.5,13.5
2026,3,Delaware,395.0,0.0,6.26984126984127,0.6846473029045643,35.0,22,14,442.5,1.5,6.231869460112812,1.1841243862520456,24.0,34.0,21.0,21.0
2026,3,Delaware State,353.0,1.0,6.086206896551724,0.5422647527910686,67.0,17,59,423.6666666666667,2.3333333333333335,6.326361914175109,0.8428478298056911,92.0,25.666666666666668,20.666666666666668,20.666666666666668
2026,3,Delta State,284.0,1.0,4.4375,0.6376518218623483,111.0,21,6,,,,,,,,
2026,3,Duke,470.0,1.0,6.619718309859155,0.9400179051029544,80.0,35,7,378.5,0.5,5.772271588061062,0.8114246972486433,82.5,24.0,15.0,15.0
2026,3,Duquesne,180.0,0.0,3.3962264150943398,0.22058823529411764,58.0,7,48,175.5,1.0,3.347634322373697,0.22413793103448276,66.5,6.5,52.0,52.0
2026,3,East Carolina,276.0,1.0,4.0588235294117645,0.65323897659227,85.0,20,17,289.5,1.5,4.871443089430894,0.7388718450000495,66.5,17.0,37.5,37.5
2026,3,East Tennessee State,377.0,0.0,5.8,1.2627781118460615,70.0,35,27,422.3333333333333,1.6666666666666667,6.4774444515214356,1.172641142762715,53.666666666666664,29.333333333333332,32.666666666666664,32.666666666666664
2026,3,East Texas A&M,288.0,1.0,4.056338028169014,0.0,50.0,0,42,329.6666666666667,3.0,5.295043603739256,0.6452817987395104,70.0,20.0,27.0,27.0
2026,3,Eastern Illinois,216.0,0.0,4.153846153846154,0.5048543689320388,44.0,13,49,309.6666666666667,0.3333333333333333,5.017670443251839,0.7679533320627262,66.66666666666667,23.333333333333332,38.333333333333336,38.333333333333336
2026,3,Eastern Kentucky,426.0,2.0,6.173913043478261,0.492091388400703,128.0,14,17,349.6666666666667,2.0,5.614237614237614,0.5428916408980161,78.0,16.666666666666668,37.0,37.0
2026,3,Eastern Michigan,216.0,3.0,3.6,0.3482298316889147,38.0,10,54,282.6666666666667,1.0,4.487179487179487,0.6012179168483692,25.333333333333332,18.666666666666668,26.333333333333332,26.333333333333332
2026,3,Eastern Washington,315.0,1.0,4.2,0.5295091009376725,20.0,16,48,388.6666666666667,1.3333333333333333,5.312969738222865,1.0253971637520227,61.666666666666664,28.0,33.0,33.0
2026,3,Elon,375.0,1.0,6.048387096774194,0.8304498269896194,85.0,24,21,365.6666666666667,2.0,5.301587301587301,0.8891459400359915,52.333333333333336,30.0,12.666666666666666,12.666666666666666
2026,3,Florida,495.0,1.0,6.5131578947368425,1.1205432937181663,138.0,44,39,569.0,1.5,8.801877708233029,1.9592598091985596,63.5,59.0,12.0,12.0
2026,3,Florida A&M,449.0,2.0,7.741379310344827,1.0863509749303621,35.0,26,29,176.0,0.3333333333333333,3.1737775289287047,0.5082116644434868,66.66666666666667,13.333333333333334,38.333333333333336,38.333333333333336
2026,3,Florida Atlantic,258.0,0.0,3.8507462686567164,0.6106870229007634,81.0,16,10,412.0,1.5,4.979220779220779,0.9312946645389579,81.5,29.5,48.0,48.0
2026,3,Florida International,357.0,3.0,4.576923076923077,0.2958579881656805,65.0,10,16,460.5,2.0,6.092631578947369,0.5808145855253679,45.5,21.0,19.5,19.5
2026,3,Florida State,471.0,3.0,7.359375,1.291866028708134,40.0,36,50,371.5,1.0,5.556595365418895,0.9110128771862387,46.0,29.0,22.0,22.0
2026,3,Fordham,569.0,0.0,8.492537313432836,1.5197272284461762,65.0,52,27,179.66666666666666,2.6666666666666665,3.57716049382716,0.28682989039745926,38.666666666666664,7.0,35.666666666666664,35.666666666666664
2026,3,Fresno State,354.0,0.0,5.205882352941177,0.7677165354330708,70.0,26,10,329.0,1.0,5.61976911976912,0.7848371596369461,22.5,24.5,21.0,21.0
2026,3,Furman,317.0,1.0,4.283783783783784,0.6060606060606061,40.0,17,20,329.0,1.3333333333333333,4.998702905491698,0.5521528662767747,60.0,16.333333333333332,24.0,24.0
2026,3,Gardner-Webb,445.0,1.0,5.933333333333334,1.2547528517110265,99.0,44,20,362.0,2.3333333333333335,4.869553600618676,0.6190796826626119,36.333333333333336,17.666666666666668,25.333333333333332,25.333333333333332
2026,3,Georgetown,303.0,0.0,5.716981132075472,0.8333333333333334,67.0,21,24,239.0,1.0,4.267857142857143,0.7112616426756986,65.0,14.0,45.0,45.0
2026,3,Georgia,464.0,0.0,7.365079365079365,1.2616822429906542,41.0,45,17,576.5,1.0,9.608333333333334,2.3182782882614434,75.5,66.5,11.5,11.5
2026,3,Georgia Southern,369.0,1.0,5.125,0.7420980302336234,59.0,27,31,389.5,1.0,5.346320346320346,0.5550292715865659,71.0,19.0,11.0,11.0
2026,3,Georgia State,485.0,3.0,5.773809523809524,0.8999999999999999,60.0,30,44,523.0,1.0,7.414788732394366,1.3105389773480443,57.5,45.0,13.5,13.5
2026,3,Georgia Tech,405.0,0.0,6.532258064516129,1.6117216117216118,59.0,44,11,322.0,1.5,5.173708920187794,0.6360660615979765,47.5,18.5,29.5,29.5
2026,3,Glenville State,473.0,5.0,4.637254901960785,0.5016722408026756,30.0,20,49,125.0,0.0,2.314814814814815,0.328125,65.0,7.0,42.0,42.0
2026,3,Hampton,283.0,2.0,4.796610169491525,0.8344370860927152,92.0,21,42,297.0,2.0,4.552083333333333,0.5421223647452421,99.33333333333333,16.0,31.0,31.0
2026,3,Harvard,262.0,1.0,4.030769230769231,1.045531197301855,40.0,31,7,,,,,,,,
2026,3,Holy Cross,308.0,1.0,4.338028169014085,0.9200438116100766,55.0,28,38,300.6666666666667,2.0,5.044791230275101,0.3242575657935856,34.666666666666664,9.0,38.333333333333336,38.333333333333336
2026,3,Houston,458.0,1.0,6.1066666666666665,0.7715133531157269,60.0,26,28,562.0,1.0,8.31857638888889,1.5403570672500178,55.0,55.0,13.0,13.0
2026,3,Houston Christian,378.0,1.0,5.108108108108108,1.0534351145038168,73.0,23,30,371.6666666666667,0.6666666666666666,6.443568691844554,3.3012986485426037,41.666666666666664,41.666666666666664,19.666666666666668,19.666666666666668
2026,3,Idaho,444.0,2.0,6.626865671641791,1.3772807533843436,10.0,39,41,334.3333333333333,1.0,5.234057319914502,0.7740828455803018,42.333333333333336,21.666666666666668,42.333333333333336,42.333333333333336
2026,3,Illinois,503.0,1.0,8.824561403508772,1.8532818532818534,44.0,48,10,357.0,0.5,6.669288645690834,1.5143980754929698,37.5,34.5,27.0,27.0
2026,3,Illinois State,556.0,1.0,7.128205128205129,1.4306569343065694,61.0,49,13,375.0,1.5,5.040263259775455,1.04746865380557,66.0,34.5,17.0,17.0
2026,3,Incarnate Word,442.0,3.0,4.966292134831461,0.7860262008733625,70.0,30,23,540.0,4.0,7.870463078848561,1.8677897820911922,65.0,52.0,26.0,26.0
2026,3,Indiana,513.0,0.0,7.7727272727272725,1.0903873744619799,15.0,38,0,435.0,0.5,8.039971949509116,1.9672005400098183,31.5,53.5,8.0,8.0
2026,3,Indiana State,568.0,1.0,7.573333333333333,1.3043478260869565,45.0,39,16,377.3333333333333,1.0,6.212732919254658,0.9722483840006156,59.666666666666664,27.333333333333332,34.0,34.0
2026,3,Iowa,640.0,0.0,10.0,1.7054263565891472,83.0,55,0,395.5,0.5,5.656779661016949,0.8602022191387036,42.5,28.0,6.5,6.5
2026,3,Iowa State,507.0,1.0,7.921875,1.6759776536312847,55.0,55,7,279.0,0.5,5.56191037735849,1.0358471005602001,42.5,25.5,13.0,13.0
2026,3,Jackson State,492.0,0.0,7.6875,1.4590747330960854,61.0,41,7,553.0,0.5,7.653445512820513,1.495084914743865,71.0,46.0,19.0,19.0
2026,3,Jacksonville State,302.0,1.0,6.163265306122449,1.3126323218066338,60.0,31,27,381.0,1.3333333333333333,5.993144100384537,1.0296041440405883,55.0,27.666666666666668,23.0,23.0
2026,3,James Madison,417.0,1.0,5.635135135135135,0.8576140736668499,63.0,26,13,439.5,0.5,7.711323238973009,2.3649841902622404,73.5,53.5,8.0,8.0
2026,3,Kansas,414.0,3.0,5.594594594594595,0.5802047781569966,40.0,17,24,434.0,2.0,5.935879811468971,1.1368848958415716,74.5,36.0,22.0,22.0
2026,3,Kansas State,428.0,0.0,6.584615384615384,0.9203364670954973,54.0,31,20,523.0,1.5,7.227160258850399,1.5480373760012285,17.5,52.5,5.0,5.0
2026,3,Kennesaw State,291.0,1.0,4.546875,0.29079159935379645,90.0,9,42,420.0,1.5,6.1000881834215175,1.07174520902953,40.0,32.0,15.5,15.5
2026,3,Kent State,134.0,3.0,2.4363636363636365,0.10118043844856661,100.0,3,59,313.5,2.0,4.975694444444445,0.4817127564674398,45.0,18.0,36.0,36.0
2026,3,Kentucky,408.0,0.0,7.555555555555555,1.047887323943662,59.0,31,21,357.5,1.5,5.780353483606557,1.0594706632653061,70.0,31.0,29.0,29.0
2026,3,LSU,330.0,1.0,4.714285714285714,0.7933884297520661,34.0,24,32,586.0,2.5,6.531414267834794,1.3642521703735655,88.0,48.0,12.0,12.0
2026,3,Lafayette,338.0,2.0,4.970588235294118,1.221556886227545,58.0,34,40,264.5,0.0,3.951388888888889,0.3898865157563405,42.5,10.0,32.5,32.5
2026,3,Lehigh,291.0,0.0,4.932203389830509,0.7547169811320754,75.0,24,20,485.6666666666667,1.3333333333333333,7.559532382921496,1.1961097937433194,40.0,41.333333333333336,14.666666666666666,14.666666666666666
2026,3,Liberty,460.0,1.0,7.1875,1.5945805106826472,25.0,51,15,350.0,1.0,5.3404428904428904,0.5862399482798657,89.0,18.5,21.5,21.5
2026,3,Long Island University,327.0,3.0,4.880597014925373,0.5133689839572192,63.0,16,20,207.33333333333334,1.3333333333333333,3.637244841663908,0.479245213442462,60.0,13.333333333333334,42.666666666666664,42.666666666666664
2026,3,Louisiana,335.0,2.0,4.589041095890411,0.5934997644842205,50.0,21,14,416.0,1.5,6.927601809954751,1.1253142637803975,54.0,34.0,28.0,28.0
2026,3,Louisiana Christian,349.0,3.0,5.915254237288136,1.3497822931785197,56.0,31,50,337.0,1.0,5.184615384615385,1.8168709444844988,75.0,42.0,37.0,37.0
2026,3,Louisiana Tech,362.0,2.0,4.641025641025641,0.5882352941176471,81.0,19,36,334.0,1.5,5.747303543913713,1.8793721252223334,32.5,47.0,25.5,25.5
2026,3,Louisville,442.0,0.0,7.366666666666666,1.4608076009501187,110.0,41,31,552.0,0.0,8.259135472370767,1.6255698319999559,86.0,48.5,27.0,27.0
2026,3,Maine,270.0,3.0,4.090909090909091,0.5306799336650083,19.0,16,22,259.3333333333333,1.6666666666666667,4.360344827586207,0.4435917072899922,41.0,12.666666666666666,32.0,32.0
2026,3,Marshall,464.0,1.0,6.535211267605634,0.8699855002416627,60.0,30,24,228.5,1.5,3.902094717668488,0.5140758873929009,40.0,14.0,35.5,35.5
2026,3,Maryland,423.0,0.0,6.609375,1.113490364025696,64.0,26,35,560.5,0.0,7.185897435897436,1.60208575806208,53.5,50.0,7.0,7.0
2026,3,Massachusetts,355.0,1.0,5.916666666666667,1.1946902654867257,98.0,36,14,356.0,0.0,7.08829365079365,1.2494345152614352,61.5,37.0,15.5,15.5
2026,3,McNeese,279.0,4.0,4.5,0.3790271636133923,68.0,10,27,467.3333333333333,1.0,6.783484644010961,1.1122810034899333,55.0,34.333333333333336,21.666666666666668,21.666666666666668
2026,3,Memphis,572.0,1.0,7.626666666666667,1.4407684098185698,15.0,45,21,486.6666666666667,1.3333333333333333,8.416341066341067,1.1697809552462244,56.333333333333336,29.666666666666668,27.666666666666668,27.666666666666668
2026,3,Mercer,290.0,2.0,4.833333333333333,0.33639143730886845,75.0,11,44,437.6666666666667,1.6666666666666667,7.233044365119837,1.2684422231047627,61.333333333333336,32.666666666666664,12.666666666666666,12.666666666666666
2026,3,Mercyhurst,331.0,3.0,6.12962962962963,2.433774834437086,51.0,49,20,211.0,3.3333333333333335,3.8766263036039916,0.36140275066106686,65.66666666666667,10.333333333333334,54.666666666666664,54.666666666666664
2026,3,Merrimack,379.0,3.0,5.656716417910448,0.6726457399103138,53.0,20,45,296.3333333333333,3.0,4.372114972114972,0.36584441968208975,62.0,12.333333333333334,30.0,30.0
2026,3,Miami,378.0,0.0,5.5588235294117645,0.9880239520958084,75.0,33,20,702.5,1.5,9.960028624003272,1.6558550346152898,27.5,61.0,6.5,6.5
2026,3,Miami (OH),410.0,2.0,7.321428571428571,1.1668757841907151,57.0,31,35,363.0,0.5,6.537675606641124,0.8557540307194611,51.5,29.5,33.0,33.0
2026,3,Michigan,431.0,2.0,6.1571428571428575,1.6438356164383563,44.0,52,17,269.5,1.5,5.142241379310345,0.5825642826656092,85.0,15.0,11.0,11.0
2026,3,Michigan State,167.0,2.0,3.7111111111111112,0.4354136429608128,30.0,10,27,434.5,0.5,5.7155099270320715,0.9049009272024438,37.5,32.5,13.5,13.5
2026,3,Middle Tennessee,330.0,0.0,4.925373134328358,0.7833655705996131,84.0,27,20,374.0,0.5,6.675724637681159,1.1360442701014524,57.5,32.0,21.0,21.0
2026,3,Minnesota,395.0,1.0,6.171875,1.203522504892368,45.0,41,7,393.5,0.5,5.803375810418064,1.0300417278328111,62.5,36.0,22.5,22.5
2026,3,Mississippi State,393.0,1.0,6.442622950819672,1.5922330097087378,98.0,41,34,620.5,0.5,8.344843633655994,1.7267406384090056,69.0,50.0,13.0,13.0
2026,3,Mississippi Valley State,180.0,0.0,3.6,0.22167487684729065,89.0,6,21,260.6666666666667,3.3333333333333335,4.50585843009192,0.4597806916647496,106.33333333333333,13.666666666666666,38.666666666666664,38.666666666666664
2026,3,Missouri,230.0,0.0,4.8936170212765955,1.1938098747236552,90.0,27,17,515.5,1.0,6.905381003972553,1.4009575638623724,55.5,46.0,17.5,17.5
2026,3,Missouri State,506.0,1.0,7.7846153846153845,0.9405617243631613,87.0,24,30,325.5,1.5,4.581089743589744,0.702439024390244,65.5,24.0,32.0,32.0
2026,3,Monmouth,350.0,2.0,6.60377358490566,1.1498973305954825,25.0,28,20,361.6666666666667,1.3333333333333333,5.007122507122507,0.7783884213287683,63.0,19.666666666666668,37.0,37.0
2026,3,Montana,338.0,2.0,4.694444444444445,0.5504587155963303,80.0,17,52,429.0,0.6666666666666666,6.735201676270299,1.4444377012739145,78.0,36.0,15.0,15.0
2026,3,Montana State,413.0,2.0,6.661290322580645,1.282051282051282,38.0,35,30,425.0,0.3333333333333333,6.756903997081906,1.3964957722875493,56.666666666666664,41.666666666666664,10.333333333333334,10.333333333333334
2026,3,Morehead State,77.0,1.0,1.4807692307692308,0.07481296758104738,17.0,2,59,466.3333333333333,2.0,6.4233978768862485,1.2725880311173594,42.333333333333336,40.666666666666664,43.0,43.0
2026,3,Morgan State,369.0,1.0,7.096153846153846,1.7647058823529411,105.0,41,26,328.6666666666667,0.3333333333333333,6.422814003650241,0.9880562590871952,82.33333333333333,26.333333333333332,25.666666666666668,25.666666666666668
2026,3,Murray State,160.0,1.0,3.4782608695652173,0.0,20.0,0,59,332.6666666666667,1.3333333333333333,5.4365697794269225,0.6520855843450155,68.66666666666667,18.333333333333332,28.0,28.0
2026,3,NC State,446.0,3.0,5.6455696202531644,0.8655188459748719,64.0,31,35,451.0,1.5,6.965899403239556,1.1499742817253287,26.5,40.5,17.0,17.0
2026,3,Nebraska,493.0,0.0,6.943661971830986,0.951048951048951,45.0,34,7,534.5,0.5,7.670147420147421,1.6830928686112658,65.0,52.5,14.0,14.0
2026,3,Nevada,263.0,3.0,4.4576271186440675,0.7832898172323759,54.0,20,27,417.5,2.5,6.647401651287032,1.0207370043435617,63.0,28.0,17.0,17.0
2026,3,New Hampshire,235.0,3.0,3.1333333333333333,0.23064250411861614,97.0,7,31,268.0,1.3333333333333333,4.905345911949685,0.8954950850998112,70.33333333333333,19.666666666666668,43.0,43.0
2026,3,New Haven,278.0,1.0,3.7567567567567566,0.3115264797507788,91.0,10,17,316.3333333333333,1.6666666666666667,4.91625730994152,0.42894173914703365,43.666666666666664,13.0,33.0,33.0
2026,3,New Mexico,185.0,0.0,3.245614035087719,0.17578125,55.0,6,14,412.0,0.0,5.923395445134576,1.5501110279846186,32.0,54.0,7.0,7.0
2026,3,Nicholls,163.0,3.0,2.76271186440678,0.0,66.0,0,59,319.6666666666667,1.6666666666666667,4.225756471357816,0.8140245174047903,33.0,26.0,36.333333333333336,36.333333333333336
2026,3,Norfolk State,424.0,0.0,5.5064935064935066,1.2057416267942582,100.0,42,21,300.0,2.0,4.573541434410999,0.6368676422878755,65.33333333333333,23.0,30.0,30.0
2026,3,North Alabama,490.0,0.0,6.901408450704225,1.282339707536558,55.0,38,20,320.3333333333333,1.0,5.12041847041847,0.7245197479433721,83.0,20.333333333333332,23.666666666666668,23.666666666666668
2026,3,North Carolina,349.0,2.0,5.057971014492754,0.5964214711729623,35.0,20,28,374.5,1.0,6.852863290301224,0.9443647920287628,30.0,25.0,6.5,6.5
2026,3,North Carolina A&T,318.0,2.0,5.129032258064516,0.47972587093089664,93.0,14,42,299.3333333333333,1.3333333333333333,4.526752990504378,0.46227436546607154,79.66666666666667,13.0,35.333333333333336,35.333333333333336
2026,3,North Carolina Central,218.0,2.0,4.739130434782608,0.8021390374331551,75.0,20,44,338.6666666666667,1.0,5.297174189684857,0.8940524210124282,55.0,29.0,23.333333333333332,23.333333333333332
2026,3,North Dakota,205.0,0.0,3.727272727272727,0.28865979381443296,5.0,7,34,540.0,1.6666666666666667,7.607775987107171,1.6367739681007532,40.0,50.333333333333336,23.333333333333332,23.333333333333332
2026,3,North Dakota State,362.0,0.0,6.135593220338983,1.0163934426229508,53.0,31,10,373.3333333333333,0.6666666666666666,5.735431537962363,1.1187732526429919,61.333333333333336,36.333333333333336,13.0,13.0
2026,3,North Texas,565.0,2.0,6.494252873563219,1.074168797953964,91.0,35,49,405.5,0.5,6.052238805970148,0.8962651010656322,76.0,30.0,29.0,29.0
2026,3,Northeastern State,320.0,1.0,4.266666666666667,0.546916890080429,111.0,17,23,,,,,,,,
2026,3,Northern Arizona,495.0,2.0,8.114754098360656,1.1506849315068493,54.0,35,23,297.0,1.0,4.8150046470942,0.8561482770460511,35.0,26.333333333333332,30.0,30.0
2026,3,Northern Colorado,410.0,1.0,5.694444444444445,0.7953890489913544,71.0,23,17,402.3333333333333,0.6666666666666666,5.6466225821574945,0.607864771460994,52.0,21.666666666666668,29.666666666666668,29.666666666666668
2026,3,Northern Illinois,341.0,0.0,5.08955223880597,0.5730337078651685,15.0,17,42,214.0,2.0,3.4242424242424243,0.4176334106728538,73.0,12.0,34.0,34.0
2026,3,Northern Iowa,155.0,2.0,2.6724137931034484,0.0,35.0,0,55,396.5,0.5,6.133838383838384,1.2003403528491992,57.5,40.0,24.0,24.0
2026,3,Northwestern,423.0,1.0,5.794520547945205,1.1116131947582468,60.0,41,7,497.0,0.0,9.036363636363637,1.3144329896907216,61.0,34.0,18.0,18.0
2026,3,Northwestern State,389.0,1.0,4.471264367816092,0.5982053838484547,55.0,20,49,281.0,1.6666666666666667,4.082908463408895,0.5749202625743008,80.0,19.0,53.333333333333336,53.333333333333336
2026,3,Notre Dame,395.0,0.0,5.895522388059701,0.7290729072907292,30.0,27,10,414.0,0.0,6.54577553593947,1.453687737586707,30.5,46.5,6.5,6.5
2026,3,Ohio,387.0,2.0,6.559322033898305,1.309090909090909,52.0,36,41,282.5,0.5,4.315617715617716,0.8168541800578049,27.5,25.0,38.0,38.0
2026,3,Ohio State,527.0,2.0,7.984848484848484,1.943986820428336,19.0,59,3,521.5,1.0,7.612103174603175,1.2881796381828388,58.0,39.5,13.5,13.5
2026,3,Oklahoma,299.0,3.0,5.155172413793103,0.5412371134020618,50.0,14,6,345.0,1.5,5.787541713014461,1.0223019338739863,53.0,30.5,8.5,8.5
2026,3,Oklahoma State,662.0,1.0,9.068493150684931,1.679316888045541,30.0,59,0,461.0,3.0,5.476884281311292,0.6893131934000305,44.5,24.5,27.5,27.5
2026,3,Old Dominion,274.0,2.0,4.28125,0.5785592739648326,95.0,17,20,314.5,2.5,5.88076923076923,1.046014783597565,55.0,26.0,27.0,27.0
2026,3,Ole Miss,426.0,1.0,5.835616438356165,1.0756302521008403,77.0,32,24,454.0,1.5,6.748894783377542,1.6065241984693044,56.0,41.0,23.5,23.5
2026,3,Oregon,726.0,0.0,7.723404255319149,2.033898305084746,65.0,84,0,389.0,1.0,6.325800376647834,1.2759778774013648,78.0,32.5,33.0,33.0
2026,3,Oregon State,510.0,1.0,7.5,1.7859187178019462,53.0,52,17,437.0,0.5,6.0773683195060775,0.7373776908023484,51.0,22.0,34.0,34.0
2026,3,Penn State,573.0,0.0,8.552238805970148,1.7525225703664367,96.0,55,13,451.5,0.0,6.791780510018215,1.0897398191219492,32.5,36.0,4.5,4.5
2026,3,Pennsylvania,367.0,2.0,4.6455696202531644,0.5042016806722689,64.0,20,7,,,,,,,,
2026,3,Pittsburgh,368.0,1.0,6.133333333333334,1.007462686567164,72.0,27,13,480.5,0.0,6.494166666666667,1.035097526294652,51.0,35.5,10.5,10.5
2026,3,Point University,41.0,1.0,0.6612903225806451,0.0,5.0,0,65,,,,,,,,
2026,3,Portland State,103.0,4.0,2.7837837837837838,0.0,40.0,0,84,358.6666666666667,1.6666666666666667,4.840801740007731,0.6889807428175233,48.0,22.333333333333332,43.666666666666664,43.666666666666664
2026,3,Prairie View A&M,267.0,1.0,3.423076923076923,0.34662045060658575,30.0,10,31,342.3333333333333,0.3333333333333333,5.379867046533714,1.3521259362582396,85.66666666666667,28.333333333333332,35.666666666666664,35.666666666666664
2026,3,Presbyterian,243.0,1.0,4.189655172413793,0.5447470817120623,33.0,14,58,446.0,2.0,5.238811392037198,0.7372572885474081,47.5,25.0,49.5,49.5
2026,3,Princeton,320.0,2.0,5.079365079365079,0.4802744425385935,30.0,14,21,,,,,,,,
2026,3,Purdue,488.0,3.0,8.271186440677965,1.5944055944055946,45.0,38,52,489.0,0.0,6.308174027686222,1.1477662468625507,67.5,40.0,28.5,28.5
2026,3,Rhode Island,311.0,1.0,5.456140350877193,0.9183673469387755,8.0,24,56,291.6666666666667,1.3333333333333333,4.620540019286403,0.9675094869463746,41.0,26.333333333333332,18.333333333333332,18.333333333333332
2026,3,Rice,330.0,0.0,5.32258064516129,0.7744314689612785,60.0,21,28,310.5,2.0,4.472554347826087,0.3920741989881956,33.5,15.5,27.5,27.5
2026,3,Richmond,467.0,0.0,6.064935064935065,0.6896551724137931,54.0,24,21,267.6666666666667,1.3333333333333333,4.353739858967178,0.6623134635996372,66.0,21.0,36.0,36.0
2026,3,Rutgers,460.0,2.0,6.666666666666667,1.0526315789473684,39.0,35,42,366.5,4.0,5.593370681605975,0.7480286840751957,37.0,21.0,32.5,32.5
2026,3,SE Louisiana,279.0,1.0,5.072727272727272,1.4330609679446888,27.0,38,35,335.0,2.0,5.803441158279868,0.8718255605231199,57.333333333333336,24.0,32.666666666666664,32.666666666666664
2026,3,SMU,479.0,3.0,5.9875,0.9707724425887265,82.0,31,41,566.0,2.0,9.249600213219615,1.5111690900562853,51.0,41.5,17.0,17.0
2026,3,Sacramento State,328.0,3.0,4.895522388059701,0.3389830508474576,60.0,10,31,327.6666666666667,1.6666666666666667,4.918722018722018,0.7636922987484741,60.0,24.0,25.666666666666668,25.666666666666668
2026,3,Sacred Heart,310.0,0.0,5.166666666666667,0.67524115755627,80.0,21,24,355.5,0.5,5.134433466470465,0.4814533060680239,60.0,17.0,34.0,34.0
2026,3,Sam Houston,619.0,0.0,8.253333333333334,1.661191928671985,70.0,59,0,372.0,1.0,5.474891774891775,0.6265518502147351,55.5,19.0,23.5,23.5
2026,3,San Diego,499.0,0.0,6.397435897435898,1.0609585853885528,22.0,38,35,342.5,3.0,4.961845701072104,0.521754326563379,47.0,17.0,54.0,54.0
2026,3,San Diego State,401.0,2.0,5.207792207792208,0.43795620437956206,55.0,13,26,291.5,2.0,4.8144841269841265,1.196200751934513,46.0,31.5,24.0,24.0
2026,3,San José State,335.0,4.0,4.785714285714286,0.3826530612244898,41.0,10,26,427.3333333333333,1.0,6.067876567876567,1.0045258234872896,56.666666666666664,27.666666666666668,27.666666666666668,27.666666666666668
2026,3,South Alabama,458.0,0.0,6.542857142857143,1.2615384615384615,91.0,41,36,436.5,0.0,5.6159560723514215,0.8042627756532472,46.5,31.5,21.0,21.0
2026,3,South Carolina,431.0,2.0,5.455696202531645,0.9927007299270073,98.0,34,41,573.5,1.0,8.225435323383085,1.680327317798226,37.5,51.0,4.5,4.5
2026,3,South Carolina State,332.0,1.0,4.882352941176471,0.6259780907668232,80.0,20,17,528.6666666666666,1.0,8.05742842864282,1.8431678464797805,65.66666666666667,61.333333333333336,4.333333333333333,4.333333333333333
2026,3,South Dakota,279.0,2.0,5.58,1.166936790923825,50.0,24,38,501.0,0.6666666666666666,8.379156847342236,1.6202500199909045,33.666666666666664,46.0,22.0,22.0
2026,3,South Dakota State,461.0,1.0,6.984848484848484,0.8607863974495218,80.0,27,20,524.0,0.6666666666666666,7.884262796027502,1.5320527573371965,43.0,48.333333333333336,18.333333333333332,18.333333333333332
2026,3,South Florida,611.0,1.0,9.257575757575758,2.05933682373473,35.0,59,17,288.5,0.0,5.211688311688311,0.8928078543550017,22.5,23.5,16.5,16.5
2026,3,Southeast Missouri State,293.0,0.0,4.650793650793651,0.9,40.0,27,9,298.6666666666667,2.3333333333333335,4.229777685001565,0.5959664121429906,53.333333333333336,17.666666666666668,31.0,31.0
2026,3,Southern,539.0,0.0,7.383561643835616,1.3501350135013501,65.0,50,31,276.0,1.3333333333333333,4.505772005772006,0.6859713829339448,54.666666666666664,19.0,40.666666666666664,40.666666666666664
2026,3,Southern Illinois,257.0,1.0,3.7246376811594204,0.29325513196480935,35.0,10,48,399.0,2.3333333333333335,5.5016201980088795,0.932795163546455,38.0,29.0,24.0,24.0
2026,3,Southern Miss,401.0,2.0,5.141025641025641,0.7712082262210797,69.0,20,48,382.0,1.5,5.137315270935961,0.9286481909025393,55.0,28.5,23.0,23.0
2026,3,Southern Utah,367.0,1.0,5.825396825396825,0.8232189973614776,25.0,26,28,488.6666666666667,2.0,6.797895152036719,0.8639677250605144,60.333333333333336,30.666666666666668,42.666666666666664,42.666666666666664
2026,3,St. Thomas (MN),406.0,1.0,5.970588235294118,0.9853372434017595,45.0,28,26,370.3333333333333,0.6666666666666666,5.872723475355055,1.1276678402266767,66.33333333333333,32.333333333333336,28.333333333333332,28.333333333333332
2026,3,Stanford,237.0,1.0,4.086206896551724,0.3074670571010249,50.0,7,35,391.0,0.0,5.701408450704225,0.7267282612198299,64.5,21.5,36.0,36.0
2026,3,Stephen F. Austin,420.0,2.0,6.5625,0.9951845906902087,25.0,31,10,444.0,1.6666666666666667,6.348930481283422,1.0512344279255659,56.666666666666664,36.0,13.666666666666666,13.666666666666666
2026,3,Stetson,299.0,2.0,4.6,0.2397260273972603,17.0,7,45,290.0,2.0,4.507575757575758,0.39590037750259555,57.5,12.5,56.5,56.5
2026,3,Stonehill,161.0,3.0,2.7288135593220337,0.46875,50.0,14,36,397.0,1.3333333333333333,5.787886305719316,0.5547440157641131,64.0,20.666666666666668,23.0,23.0
2026,3,Stony Brook,519.0,0.0,6.4875,1.6535433070866141,20.0,56,24,396.0,1.3333333333333333,5.8125,1.0648340808697074,55.0,29.0,38.0,38.0
2026,3,Syracuse,347.0,2.0,4.957142857142857,0.39156626506024095,94.0,13,27,474.5,1.5,5.866052552099063,1.2767206730409166,128.5,42.0,12.0,12.0
2026,3,TCU,468.0,1.0,6.882352941176471,0.8968177434908389,35.0,31,7,478.5,1.0,6.877423964074302,1.216751211865072,75.0,36.5,11.0,11.0
2026,3,Tarleton State,513.0,0.0,8.274193548387096,1.4867841409691631,103.0,45,20,492.6666666666667,0.3333333333333333,7.727003405950775,1.1824564473316803,46.666666666666664,32.0,22.333333333333332,22.333333333333332
2026,3,Temple,425.0,1.0,5.902777777777778,1.4271555996035679,35.0,48,49,326.0,1.0,5.597317436661699,0.759194588152676,40.0,23.5,20.5,20.5
2026,3,Tennessee,446.0,1.0,6.656716417910448,1.4457831325301205,20.0,42,9,542.5,1.0,7.697174447174447,1.6553394901144642,101.0,50.5,16.5,16.5
2026,3,Tennessee State,390.0,0.0,5.342465753424658,0.8040665434380776,55.0,29,26,238.0,1.0,3.3994351320723353,0.30890160278282397,36.333333333333336,10.0,39.666666666666664,39.666666666666664
2026,3,Texas,400.0,0.0,4.819277108433735,0.8141112618724559,88.0,30,6,426.0,1.5,5.839560439560439,1.3791011407715974,23.5,41.5,15.0,15.0
2026,3,Texas A&M,423.0,2.0,5.035714285714286,0.6904109589041095,10.0,21,31,380.0,1.0,5.095588235294118,1.3825018301089789,40.0,49.0,10.0,10.0
2026,3,Texas State,605.0,0.0,8.52112676056338,1.7872340425531914,80.0,49,35,415.0,3.0,5.499107142857143,0.5255317922407332,60.0,16.5,45.0,45.0
2026,3,Texas Tech,425.0,2.0,7.083333333333333,1.064638783269962,35.0,28,26,411.5,1.0,5.604405775638652,1.103971656023095,65.0,34.0,17.0,17.0
2026,3,Toledo,536.0,1.0,7.052631578947368,1.8584070796460177,50.0,49,48,421.0,1.5,7.072689345314505,1.5227196939115784,42.0,41.5,20.0,20.0
2026,3,Towson,426.0,1.0,5.605263157894737,0.7071622846781506,126.0,26,41,276.0,0.6666666666666666,5.2142725852403276,0.5402517057752688,52.333333333333336,14.0,36.0,36.0
2026,3,Troy,323.0,2.0,4.486111111111111,0.45474810521622827,60.0,17,27,384.5,0.0,5.730614973262032,0.9281195040927548,87.5,29.0,19.0,19.0
2026,3,Tulane,260.0,0.0,4.406779661016949,0.759974667511083,20.0,20,31,341.0,0.5,6.4604341736694675,0.6909226111435705,67.0,15.5,20.5,20.5
2026,3,Tulsa,450.0,1.0,6.428571428571429,1.4141414141414141,25.0,42,0,364.0,0.5,5.680365296803653,0.7945235445734775,63.5,23.5,13.5,13.5
2026,3,Tuskegee,198.0,2.0,3.3,0.219435736677116,55.0,7,41,,,,,,,,
2026,3,UAB,218.0,1.0,3.7586206896551726,0.5687203791469194,89.0,14,21,397.0,1.5,5.4153946388682055,0.6878827026823968,68.0,24.5,31.0,31.0
2026,3,UAlbany,321.0,2.0,4.6521739130434785,0.5610098176718092,25.0,20,28,350.0,1.0,5.1160667709963485,0.8004951902722341,65.33333333333333,26.666666666666668,16.0,16.0
2026,3,UC Davis,498.0,1.0,6.821917808219178,1.461038961038961,65.0,45,7,381.3333333333333,1.6666666666666667,5.884034953437939,1.0468654019599128,46.666666666666664,30.0,32.333333333333336,32.333333333333336
2026,3,UCF,390.0,1.0,6.842105263157895,1.65,48.0,44,30,383.0,0.5,6.6100628930817615,1.4467620876243672,52.5,40.0,9.0,9.0
2026,3,UCLA,645.0,0.0,8.0625,1.4377880184331797,103.0,52,38,413.0,1.0,7.033670033670033,1.29440270158851,90.0,36.5,17.0,17.0
2026,3,UConn,436.0,0.0,6.140845070422535,1.4090019569471623,74.0,48,20,447.0,1.5,6.740121180189673,1.1691895385817945,103.0,35.0,22.5,22.5
2026,3,UL Monroe,511.0,3.0,6.3875,1.0452961672473868,60.0,35,38,267.5,0.5,4.083800186741363,0.5601706376750057,30.0,16.5,44.0,44.0
2026,3,USC,461.0,0.0,7.317460317460317,1.5700934579439252,71.0,42,35,513.3333333333334,1.3333333333333333,7.188400267445748,1.2017901933551123,52.0,43.333333333333336,18.666666666666668,18.666666666666668
2026,3,UT Martin,291.0,0.0,5.105263157894737,0.7300115874855156,50.0,21,45,363.6666666666667,2.0,5.729654866332498,0.8140828313638506,61.666666666666664,24.333333333333332,31.666666666666668,31.666666666666668
2026,3,UT Rio Grande Valley,488.0,1.0,7.072463768115942,0.8031730292513634,84.0,27,10,474.6666666666667,2.3333333333333335,5.87796385086358,0.8459051773478388,73.33333333333333,29.333333333333332,25.333333333333332,25.333333333333332
2026,3,UTEP,150.0,1.0,3.1914893617021276,0.599294947121034,25.0,17,52,344.5,1.5,6.31415343915344,1.0897435897435899,40.5,25.5,30.5,30.5
2026,3,UTSA,142.0,1.0,3.021276595744681,0.2591792656587473,115.0,6,30,461.5,0.0,7.2150512581547055,1.4405068711799744,115.0,38.0,21.0,21.0
2026,3,Utah,480.0,1.0,6.486486486486487,0.9366130558183539,43.0,33,0,537.5,0.5,7.784516129032258,1.7276534620909263,30.0,54.5,12.0,12.0
2026,3,Utah State,188.0,1.0,3.4814814814814814,0.0,68.0,0,33,339.0,3.5,4.648706896551724,0.5342896590223747,59.0,15.5,22.5,22.5
2026,3,Utah Tech,266.0,1.0,4.290322580645161,0.7774647887323944,60.0,23,35,272.0,2.6666666666666665,4.363018088591368,0.23247229956690227,43.666666666666664,7.0,50.666666666666664,50.666666666666664
2026,3,VMI,302.0,2.0,5.206896551724138,0.9096651926721415,5.0,24,27,194.0,1.0,3.1758933992540546,0.15874223983227206,40.0,5.333333333333333,41.666666666666664,41.666666666666664
2026,3,Valparaiso,211.0,1.0,3.403225806451613,0.5315614617940199,48.0,16,39,327.0,1.0,5.637931034482759,0.6525679758308157,19.0,18.0,27.0,27.0
2026,3,Vanderbilt,409.0,3.0,7.051724137931035,1.447277739490007,116.0,35,31,367.5,0.5,5.599378881987578,1.001708711994021,54.5,31.5,17.5,17.5
2026,3,Villanova,392.0,2.0,6.758620689655173,0.6936416184971098,89.0,20,16,328.3333333333333,1.6666666666666667,5.650676269696355,0.752482889206212,72.0,20.666666666666668,36.666666666666664,36.666666666666664
2026,3,Virginia,354.0,0.0,5.057142857142857,0.8152994464016105,58.0,27,38,439.5,0.5,6.794829222011385,1.491644778587796,38.0,46.5,5.5,5.5
2026,3,Virginia Lynchburg,159.0,4.0,2.6065573770491803,0.11764705882352941,15.0,3,62,275.0,2.5,3.8176470588235296,0.0,65.0,0.0,50.0,50.0
2026,3,Virginia Tech,445.0,0.0,5.933333333333334,0.9549795361527967,76.0,35,26,517.5,2.0,6.717215762273901,1.8513755107997665,62.5,58.5,12.0,12.0
2026,3,Wagner,198.0,1.0,3.3559322033898304,0.24881516587677727,40.0,7,49,236.66666666666666,1.3333333333333333,3.3527396056854033,0.42369826556354906,56.666666666666664,13.666666666666666,40.666666666666664,40.666666666666664
2026,3,Wake Forest,334.0,1.0,5.387096774193548,0.7518796992481203,122.0,20,33,485.0,0.0,7.132352941176471,1.3297117408114325,82.5,38.0,26.0,26.0
2026,3,Washington,546.0,1.0,8.806451612903226,1.6116396194739786,101.0,48,16,379.0,0.0,5.546030405405405,0.6380512826062256,87.0,20.0,12.0,12.0
2026,3,Washington State,512.0,1.0,8.258064516129032,1.6981132075471699,96.0,48,7,204.0,2.0,3.8207142857142857,0.2990534411358706,37.5,8.5,29.0,29.0
2026,3,Weber State,441.0,2.0,6.582089552238806,1.8444165621079047,36.0,49,20,402.0,1.6666666666666667,5.7296946068875885,1.2245959996454805,41.333333333333336,31.0,42.666666666666664,42.666666666666664
2026,3,West Florida,313.0,3.0,4.890625,0.5393258426966292,58.0,16,38,369.5,1.5,6.144945697577277,1.2736653221864467,68.5,38.0,22.5,22.5
2026,3,West Georgia,411.0,1.0,5.1375,0.8363448631905008,84.0,27,35,208.33333333333334,2.0,3.919544737435204,0.22659658061758425,71.66666666666667,5.666666666666667,41.0,41.0
2026,3,West Virginia,437.0,0.0,6.426470588235294,1.4135151890886548,52.0,38,27,469.0,1.0,6.92,1.4996715199811992,39.5,41.5,15.5,15.5
2026,3,Western Carolina,659.0,1.0,7.086021505376344,1.6909620991253647,70.0,58,14,358.6666666666667,0.3333333333333333,5.425199019053008,0.8511007354011332,65.0,24.666666666666668,37.0,37.0
2026,3,Western Illinois,593.0,0.0,8.23611111111111,1.7735470941883769,70.0,59,2,385.3333333333333,1.0,5.685878136200717,0.8099181433532431,65.33333333333333,28.0,30.333333333333332,30.333333333333332
2026,3,Western Kentucky,186.0,1.0,3.0491803278688523,0.0,15.0,0,38,296.0,3.0,3.7580751483190507,0.5365971718009889,49.5,17.0,59.5,59.5
2026,3,Western Michigan,333.0,1.0,5.285714285714286,0.8514951849974658,45.0,28,21,317.5,0.0,5.280832678711705,1.0203547416982885,54.0,30.5,13.5,13.5
2026,3,William & Mary,423.0,2.0,6.409090909090909,1.0471881060116353,37.0,27,52,307.3333333333333,1.3333333333333333,4.417263524569461,0.8816556181221121,61.333333333333336,25.666666666666668,30.333333333333332,30.333333333333332
2026,3,Wisconsin,479.0,1.0,7.603174603174603,1.7261587639850824,55.0,54,10,345.0,1.0,6.1580575317043,0.9474361136881168,41.5,24.5,25.0,25.0
2026,3,Wofford,250.0,2.0,4.716981132075472,0.30303030303030304,61.0,7,41,240.66666666666666,2.0,4.3428084218550955,0.999484551308194,45.666666666666664,24.666666666666668,21.0,21.0
2026,3,Wyoming,342.0,2.0,5.796610169491525,0.4132231404958678,40.0,10,24,288.5,3.0,5.108805031446541,0.5753728389040679,53.5,17.0,24.0,24.0
2026,3,Yale,524.0,1.0,7.178082191780822,1.2852311161217587,59.0,38,28,,,,,,,,
2026,3,Youngstown State,349.0,1.0,6.017241379310345,0.6984866123399301,93.0,20,27,464.0,0.6666666666666666,6.856277056277055,1.3366163067519354,50.666666666666664,42.0,22.666666666666668,22.666666666666668
